"","school_id","region_Campania","region_Lombardia","private_government","private_independent","school_size","overcrowded_classes","ISCED_orient","pcs_per_student","internet_percentage","edu_leadership","curricular_development","istructional_leadership","professional_development","curricular_responsability","resources_responsability","school_authonomy","teacher_participation","material_shortage","staff_shortage","certified_teacher_prop","teacher_num","sci_teacher_prop","certified_sci_teacher_prop","creative_activities","science_resources","teacher_hindering_behav","student_hindering_behav","student_teacher_ratio","pv5math"
"1","1",0,0,0,0,1350,0,0,0.6417,1,-0.8613,-0.5455,-1.223,-0.4412,0.0554,-0.6941,0.58,6,-0.2374,0.1314,0.9766,107,0.3037,1,2,4,-0.3334,0.2229,12.6168,51.785036958606
"2","2",0,0,NA,NA,NA,NA,1,NA,NA,NA,NA,NA,NA,-0.7997,-0.3422,NA,NA,NA,NA,NA,NA,NA,NA,NA,NA,NA,NA,NA,44.8522149086461
"3","3",0,0,0,0,569,0,0,1.0732,1,-0.773,-1.4467,-0.7967,0.4295,1.4806,-0.782,0.58,5,-0.849,-0.9308,0.5753,73,0.1575,0.913,1,6,-0.666,-0.8695,7.7945,56.7230560971261
"4","4",1,0,0,0,285,0,0,0.5765,1,1.3224,0.8182,0.954,1.8133,-0.7997,-0.6941,0.5,3,0.5717,0.4942,0.9663,44.5,0.1573,1,1,3,0.8657,-0.8644,6.4045,46.8441097271745
"5","5",1,0,0,0,1128,0,0,0.3463,1,0.4314,7e-04,1.0434,0.0394,1.4806,-0.782,0.58,4,1.3608,0.9861,1,85,0.3471,1,3,3,-0.6684,0.1162,13.2706,50.7204398162072
"6","6",0,0,0,0,670,0,1,0.5755,0.4375,-0.2677,0.1512,0.0201,-0.7618,-0.2296,-0.6941,0.5,5,3.6096,1.6533,0.5271,101.5,0.4335,0.7273,0,4,0.8947,1.0924,6.601,43.7405097850702
"7","7",0,1,0,0,1320,0,0,0.2697,0.8611,-0.9726,-0.8669,-1.1211,-0.4247,0.0554,-0.7644,0.67,4,-0.3301,0.6428,0.8804,92,0.2065,1,1,5,0.0185,0.8718,14.3478,56.2713560210213
"8","8",0,1,NA,NA,NA,NA,1,NA,NA,NA,NA,NA,NA,-0.7997,-0.3422,NA,NA,NA,NA,NA,NA,NA,NA,NA,NA,NA,NA,NA,56.2927467790487
"9","9",0,0,NA,NA,NA,NA,1,NA,NA,NA,NA,NA,NA,-0.7997,-0.3422,NA,NA,NA,NA,NA,NA,NA,NA,NA,NA,NA,NA,NA,52.4904649698521
"10","10",0,0,0,0,2092,0,1,0.3037,1,0.4845,-0.3971,0.5864,0.2099,1.4806,-0.782,0.58,4,1.3336,1.2582,0.7842,208.5,0.259,0.8519,3,3,1.5144,1.7822,10.0336,42.4086576380955
"11","11",0,0,0,0,309,0,0,0.2017,1,0.7658,0.8744,0.5626,0.9596,1.4806,-0.6941,0.58,4,-1.2541,0.7026,0.873,31.5,0.1587,0.9,1,3,-0.5703,1.3044,9.8095,42.0926092659998
"12","12",1,0,0,0,1109,0,1,0.7009,1,0.1565,-0.3971,0.178,0.7618,-0.7997,-0.7946,0.5,3,-0.1328,-0.3545,NA,NA,NA,NA,1,4,0.0185,0.6966,NA,36.8790821365674
"13","13",0,0,NA,NA,NA,NA,1,NA,NA,NA,NA,NA,NA,-0.7997,-0.3422,NA,NA,NA,NA,NA,NA,NA,NA,NA,NA,NA,NA,NA,45.1366987774523
"14","14",0,0,0,0,797,0,1,0.5202,0.6111,NA,NA,NA,NA,-0.7997,-0.3422,0,0,NA,NA,0.814,86,0.1279,1,NA,NA,NA,NA,9.2674,52.6967403909452
"15","15",0,0,0,0,480,0,0,1.1429,1,-0.229,7e-04,-0.1449,-0.4247,1.4806,-0.6941,0.58,7,-0.1328,0.2838,0.885,56.5,0.2035,0.6087,3,5,-0.348,0.2229,8.4956,58.2418356929716
"16","16",0,1,0,1,635,0,0,0.3876,1,-0.1545,-0.8669,0.1103,0.3642,1.4806,2.8245,1,6,-0.164,-1.6823,0.8302,53,0.3679,0.4615,1,6,-1.1571,-0.4789,11.9811,57.8910880551738
"17","17",0,1,0,0,1630,0,1,0.2339,1,0.2698,-0.2724,0.809,0.3642,0.9105,-0.6941,0.58,4,-0.9916,0.9008,0.8166,174.5,0.0688,1,0,7,1.139,0.8718,9.341,49.540212739828
"18","18",0,1,0,0,803,1,0,0.2308,1,-0.9981,-0.8669,-1.1211,-0.7451,1.4806,-0.6941,0.58,6,1.1587,-1.6823,0.9496,59.5,0.2437,1,0,6,-0.7223,0.1816,13.4958,52.7774564504212
"19","19",0,0,0,0,1052,0,0,0.5885,1,0.4265,-0.1461,0.0124,1.1284,1.4806,-0.6941,0.58,6,1.2485,1.5393,0.9349,84.5,0.1479,1,3,6,0.8947,1.7918,12.4497,48.0136818899909
"20","20",0,0,0,0,1113,0,0,0.687,1,-0.5235,-0.8669,-1.752,-0.1245,-0.7997,-0.7644,0.42,2,0.736,-0.7903,0.9586,84.5,0.284,1,2,6,-0.7223,-0.2386,13.1716,48.6197206631443
"21","21",0,1,0,0,840,0,0,NA,NA,-1.1117,-0.3523,-1.2693,-0.6676,1.4806,-0.7644,0.67,6,0.0504,0.2838,0.9746,59,0.322,1,2,7,-0.6684,0.8603,14.2373,56.3946417406661
"22","22",0,1,NA,NA,NA,NA,1,NA,NA,NA,NA,NA,NA,-0.7997,-0.3422,NA,NA,NA,NA,NA,NA,NA,NA,NA,NA,NA,NA,NA,54.0958931738966
"23","23",0,0,0,1,70,0,0,0,NA,1.8538,0.6009,2.2317,1.8133,1.4806,2.8245,1,7,-1.2541,-0.6779,0.3333,6,0.25,0.6667,2,5,0.2635,-2.1182,11.6667,46.568869917655
"24","24",0,0,0,0,810,0,0,0.4848,1,-0.6334,-0.3971,-0.4317,-0.6512,-0.7997,-0.7192,0.5,4,0.5881,1.1083,0.981,79,0.2848,0.9556,2,5,-0.995,-0.8695,10.2532,55.4884606949985
"25","25",0,0,NA,NA,NA,NA,1,NA,NA,NA,NA,NA,NA,-0.7997,-0.3422,NA,NA,NA,NA,NA,NA,NA,NA,NA,NA,NA,NA,NA,50.9189046980582
"26","26",0,0,0,0,708,0,1,0.1169,1,-0.2067,-0.2724,0.0833,-0.4247,1.4806,-0.7644,0.67,5,1.6094,0.2838,0.7974,76.5,0.2026,1,1,2,0.9038,0.9233,9.2549,40.4794400045298
"27","27",0,0,0,0,649,0,1,1.6429,0.9565,-0.8613,-0.6512,-1.223,-0.6676,-0.6097,-0.6941,0.5,3,-1.2541,-1.6823,1,63.5,0.2126,1,2,6,-0.995,0.6298,10.2205,56.9643699711778
"28","28",0,1,0,0,1335,0,0,0.3016,1,-0.4166,-0.1009,-0.5081,-0.184,0.0554,-0.6941,0.58,5,1.6094,1.4737,0.6818,132,0.1212,1,2,0,0.0185,-0.1073,10.1136,53.3328426894306
"29","29",0,1,0,0,786,1,0,0.3149,1,-0.3871,0.7456,-0.8459,-0.8349,0.0554,-0.7192,0.58,5,0.3271,0.4864,0.9911,56,0.3571,0.975,2,6,-0.3334,1.1019,14.0357,56.6210528518658
"30","30",1,0,0,0,NA,0,1,NA,1,0.4674,0.3768,0.674,0.2099,-0.2296,-0.782,0.5,4,NA,NA,NA,NA,NA,NA,2,3,1.1102,1.5443,NA,42.6044477511502
"31","31",1,0,NA,NA,NA,NA,0,NA,NA,NA,NA,NA,NA,-0.7997,-0.3422,NA,NA,NA,NA,NA,NA,NA,NA,NA,NA,NA,NA,NA,47.8178192097547
"32","32",0,0,0,0,132,0,0,2.5,1,0.172,0.1512,0.3473,0.2099,-0.2296,-0.782,0.5,4,-0.1328,0.7317,0.9375,24,0.2292,1,0,5,0.8947,0.6925,5.5,50.1869514287896
"33","33",0,0,0,0,1012,0,1,1,1,-0.0084,-0.3971,-0.1449,0.2668,0.0554,-0.6061,0.67,7,-1.2541,0.345,0.7479,59.5,0.1429,0.8824,1,5,0.5094,0.6298,17.0084,52.0401485125386
"34","34",0,0,0,0,832,0,0,0.7977,0.8768,-0.54,-0.1461,-0.8459,-0.5741,-0.4196,-0.6061,0.67,6,1.7302,1.7222,0.7676,92.5,0.2919,1,2,6,0.8947,1.0383,8.9946,50.0294706824257
"35","35",0,0,NA,NA,NA,NA,0,NA,NA,NA,NA,NA,NA,-0.7997,-0.3422,NA,NA,NA,NA,NA,NA,NA,NA,NA,NA,NA,NA,NA,53.0048676414539
"36","36",0,0,0,0,556,0,1,1.2617,1,-1.0582,-0.8669,-0.8352,-0.9738,0.9105,-0.7946,0.58,4,3.6096,1.4002,0.8467,75,0.08,1,1,4,0.8947,0.6298,7.4133,47.3825714536603
"37","37",0,0,NA,NA,NA,NA,1,NA,NA,NA,NA,NA,NA,-0.7997,-0.3422,NA,NA,NA,NA,NA,NA,NA,NA,NA,NA,NA,NA,NA,44.3004853269748
"38","38",0,1,0,0,414,0,0,0.1773,1,-0.6622,-0.632,-0.4317,-0.2002,-0.4196,-0.6941,0.58,5,0.9328,0.5382,0.8267,37.5,0.2133,0.875,0,4,-0.3334,0.6298,11.04,40.1173881864247
"39","39",0,0,0,0,864,0,1,0.3315,1,0.1741,0.5511,-0.2864,0.3642,0.3405,-0.7644,0.67,0,1.7302,1.7222,0.787,115,0.0391,1,0,6,-0.6684,-1.0856,7.513,42.9049877213734
"40","40",0,0,0,0,936,0,1,0.5172,0.6667,-0.2646,0.4393,-0.5081,0.1882,-1.0847,-0.4477,0.5,2,-0.2374,-0.7903,0.287,115,0.1217,0.1429,0,5,0.0185,1.2432,8.1391,51.4154151371678
"41","41",0,0,NA,NA,NA,NA,1,NA,NA,NA,NA,NA,NA,-0.7997,-0.3422,NA,NA,NA,NA,NA,NA,NA,NA,NA,NA,NA,NA,NA,44.5826280868927
"42","42",0,0,0,0,223,0,1,0.3929,1,-0.4012,0.3143,-0.8852,-0.4578,-0.2296,-0.6941,0.5,4,-0.5597,-0.5392,0.4937,39.5,0.3797,0.8667,0,6,0.1818,0.9721,5.6456,41.7716381874371
"43","43",1,0,0,0,420,0,0,0.7742,1,-1.0948,-0.8669,-0.7967,-1.2228,0.9105,-0.7644,0.67,4,0.5881,0.4864,0.9483,58,0.1121,1,1,4,0.0185,0.5628,7.2414,46.8528711514553
"44","44",1,0,0,0,321,0,1,0.7059,1,0.1616,0.3018,0.5388,0.3471,-0.4196,-0.6941,0.58,5,0.2987,0.0814,0.7391,46,0.663,0.5574,2,4,-0.3334,0.4976,6.9783,43.2510596560028
"45","45",0,0,0,0,651,0,0,0.379,1,-0.0586,-0.1461,0.2905,-0.2002,-0.7997,-0.6941,0.42,3,-1.2541,0.2838,1,43.5,0.1034,0,3,6,0.5094,1.1432,14.9655,53.2300684331353
"46","46",1,0,0,0,1251,0,0,0.2,1,0.8056,-0.1461,0.3405,1.8133,-0.6097,-0.6941,0.5,5,1.5141,0.9861,1,100,0.35,1,0,6,-0.6684,1.8402,12.51,52.4058334836789
"47","47",0,0,0,0,1277,0,1,0.3903,1,-1.3936,-1.4467,-1.6791,-1.3615,0.0554,-0.6941,0.58,4,-0.3301,0.1314,0.8099,142,0.1585,1,2,5,-0.9044,0.3046,8.993,52.059413929101
"48","48",0,0,NA,NA,NA,NA,1,NA,NA,NA,NA,NA,NA,-0.7997,-0.3422,NA,NA,NA,NA,NA,NA,NA,NA,NA,NA,NA,NA,NA,52.3190418433023
"49","49",0,0,NA,NA,NA,NA,1,NA,NA,NA,NA,NA,NA,-0.7997,-0.3422,NA,NA,NA,NA,NA,NA,NA,NA,NA,NA,NA,NA,NA,46.1692367606214
"50","50",0,0,0,0,580,0,0,1.1111,0.7692,-1.6131,-1.7773,-1.223,-1.2228,-0.2296,-0.782,0.5,3,-1.2541,0.4783,0.9639,83,0.1566,1,2,5,-0.995,-0.8695,6.988,49.6581697120109
"51","51",0,1,0,0,662,0,0,0.4065,1,-0.2983,-0.8669,-0.4745,-0.2168,-0.4196,-0.782,0.58,5,0.9328,0.2838,1,76,0.1842,1,2,5,-0.6684,0.1652,8.7105,55.4032260335688
"52","52",1,0,0,0,890,1,0,0.125,1,0.607,0.4393,0.7223,0.7176,-0.2296,-0.5533,0.58,3,3.6096,2.6914,1,69,0.1739,1,1,2,-1.458,2.3987,12.8986,49.486697585557
"53","53",0,0,1,0,260,1,1,1.1429,1,0.8528,-0.3971,0.809,1.8133,0.0554,0.0097,0.83,2,-1.2541,-0.3772,0,23.5,0.1702,0,2,5,1.148,0.9276,11.0638,44.6048461840802
"54","54",1,0,NA,NA,NA,NA,0,NA,NA,NA,NA,NA,NA,-0.7997,-0.3422,NA,NA,NA,NA,NA,NA,NA,NA,NA,NA,NA,NA,NA,42.0085716655716
"55","55",0,1,NA,NA,NA,NA,1,NA,NA,NA,NA,NA,NA,-0.7997,-0.3422,NA,NA,NA,NA,NA,NA,NA,NA,NA,NA,NA,NA,NA,43.2206296150306
"56","56",0,0,0,0,681,1,1,0.0802,1,1.6233,1.859,1.2219,1.8133,-0.7997,-0.7644,0.5,0,0.4825,-1.6823,1,54,0.0648,1,2,7,-0.995,-2.1182,12.6111,42.0812833870258
"57","57",0,0,NA,NA,NA,NA,1,NA,NA,NA,NA,NA,NA,-0.7997,-0.3422,NA,NA,NA,NA,NA,NA,NA,NA,NA,NA,NA,NA,NA,38.5880936550627
"58","58",1,0,NA,NA,NA,NA,0,NA,NA,NA,NA,NA,NA,-0.7997,-0.3422,NA,NA,NA,NA,NA,NA,NA,NA,NA,NA,NA,NA,NA,41.8410084176458
"59","59",0,0,0,0,1243,0,0,0.2362,1,-0.311,0.4728,0.0833,-0.6512,1.4806,-0.7644,0.58,6,0.5881,0.5301,1,86.5,0.1561,1,1,5,-0.348,1.9769,14.3699,55.6336784073704
"60","60",0,1,NA,NA,NA,NA,1,NA,NA,NA,NA,NA,NA,-0.7997,-0.3422,NA,NA,NA,NA,NA,NA,NA,NA,NA,NA,NA,NA,NA,52.538581044482
"61","61",0,1,0,0,943,0,1,0.5505,0.75,-0.8193,0.5531,-1.6791,-0.9125,0.0554,-0.6941,0.58,5,-0.3301,0.3053,0.8981,78.5,0.0701,0.8182,1,7,-0.3334,1.1432,12.0127,53.0159509539731
"62","62",0,1,0,0,943,0,0,0.5169,1,0.0691,0.3768,-0.2147,0.3642,1.4806,-0.5533,0.67,5,0.5881,1.1749,0.942,69,0.3116,0.9767,2,6,0.6543,1.2496,13.6667,53.1110092363144
"63","63",0,0,NA,NA,NA,NA,1,NA,NA,NA,NA,NA,NA,-0.7997,-0.3422,NA,NA,NA,NA,NA,NA,NA,NA,NA,NA,NA,NA,NA,57.3656765340673
"64","64",0,0,0,0,1303,0,0,0.1195,1,-1.3762,-1.1452,-1.223,-1.4795,1.4806,-0.6941,0.58,6,1.7302,0.5301,0.9751,100.5,0.3085,0.9032,2,6,-0.3334,1.2496,12.9652,57.8869770124689
"65","65",0,0,NA,NA,NA,NA,1,NA,NA,NA,NA,NA,NA,-0.7997,-0.3422,NA,NA,NA,NA,NA,NA,NA,NA,NA,NA,NA,NA,NA,52.3103757021555
"66","66",1,0,NA,NA,NA,NA,1,NA,NA,NA,NA,NA,NA,-0.7997,-0.3422,NA,NA,NA,NA,NA,NA,NA,NA,NA,NA,NA,NA,NA,42.6877446742291
"67","67",0,0,0,0,583,0,0,0.5983,1,0.2585,0.344,0.9808,-0.4247,-0.6097,-0.5181,0.67,4,0.5881,0.4783,0.7279,68,0.1471,0.65,3,4,-0.3334,-0.2386,8.5735,51.6961944910997
"68","68",0,0,NA,NA,NA,NA,1,NA,NA,NA,NA,NA,NA,-0.7997,-0.3422,NA,NA,NA,NA,NA,NA,NA,NA,NA,NA,NA,NA,NA,44.9686773386318
"69","69",0,1,0,0,822,0,1,1,1,-1.0323,-1.4467,-0.7967,-1.0862,1.4806,-0.782,0.58,4,0.0504,-1.6823,0.7753,89,0.0899,0.875,0,5,-0.3334,0.2911,9.236,52.2443802659642
"70","70",0,0,NA,NA,NA,NA,0,NA,NA,NA,NA,NA,NA,-0.7997,-0.3422,NA,NA,NA,NA,NA,NA,NA,NA,NA,NA,NA,NA,NA,56.5505895100876
"71","71",0,0,0,0,1435,1,0,0.2737,1,1.159,0.5021,1.0154,1.0958,1.4806,-0.5533,0.67,7,0.9328,0.4704,0.9617,143.5,0.1185,1,3,5,1.139,1.454,10,52.2502613716144
"72","72",0,0,0,0,214,0,0,0.8085,1,-0.7338,-0.4435,-0.1754,-0.6676,-0.6097,-0.6061,0.58,5,-0.849,-0.5736,0.5303,33,0.2727,0.5556,3,5,-1.2753,-1.1699,6.4848,54.992774817681
"73","73",0,0,0,0,276,0,1,0.8475,1,0.4827,-0.0364,0.954,0.2839,-0.7997,-0.782,0.33,3,-0.9866,-0.214,0.9571,35,0.0714,1,1,6,1.139,0.558,7.8857,52.3830362923017
"74","74",0,1,0,0,1757,0,1,0.255,1,0.283,0.3219,0.3157,0.6203,0.0554,-0.6941,0.58,6,1.4263,0.9639,0.7608,186,0.7285,0.7122,0,7,1.5715,1.7822,9.4462,50.0456948244402
"75","75",0,0,0,0,331,0,1,1.175,0.8511,-0.6562,-1.4467,-0.7967,0.3642,-0.4196,-0.782,0.58,6,1.4172,1.3136,0.8675,41.5,0.1928,0.9375,1,5,0.8947,0.2229,7.9759,44.3029320272851
"76","76",0,0,0,0,1392,1,0,0.1829,1,-0.1326,-0.1461,0.0557,0.1158,0.0554,-0.6941,0.67,5,0.2987,0.7848,0.9818,82.5,0.3818,1,2,5,-0.348,1.1957,16.8727,61.4466716822968
"77","77",0,0,NA,NA,NA,NA,0,NA,NA,NA,NA,NA,NA,-0.7997,-0.3422,0,0,NA,NA,NA,NA,NA,NA,NA,NA,NA,NA,NA,56.7661871905415
"78","78",0,0,0,0,1012,0,0,1,1,0.0709,-0.3971,-0.1449,0.6203,-0.4196,-0.6061,0.67,7,-1.2541,0.345,0.7609,23,0.1522,1,1,5,-0.6814,0.6298,44,56.2847437218758
"79","79",0,0,NA,NA,NA,NA,1,NA,NA,NA,NA,NA,NA,-0.7997,-0.3422,NA,NA,NA,NA,NA,NA,NA,NA,NA,NA,NA,NA,NA,52.1187550289779
"80","80",0,0,0,0,294,0,1,0.5882,1,-1.3982,-1.7773,-1.6791,-1.5635,-0.7997,-0.782,0.42,2,-1.2541,-0.8076,0.7692,84.5,0.2544,0.7442,1,6,0.0185,0.2229,3.4793,55.9060330476325
"81","81",0,0,0,0,1000,0,0,0.35,1,-0.4587,-0.8669,-0.2864,-0.4247,-0.2296,-0.782,0.5,4,-0.1328,0.4574,0.5889,90,0.2778,0.5,3,7,0.0185,0.8718,11.1111,49.5914949595097
"82","82",0,0,0,0,330,0,1,0.5588,1,-1.611,-2.2598,-1.223,-2.1024,0.0554,-0.5684,0.75,5,-0.3301,0.2838,0.2198,45.5,0.4835,0.8409,0,5,1.1102,1.1957,7.2527,52.2828563707594
"83","83",0,0,NA,NA,NA,NA,1,NA,NA,NA,NA,NA,NA,-0.7997,-0.3422,NA,NA,NA,NA,NA,NA,NA,NA,NA,NA,NA,NA,NA,37.60655948711
"84","84",1,0,0,0,1322,1,1,0.3497,1,-0.0187,-0.1461,-0.2147,NA,1.4806,-0.7192,0.58,6,1.7302,0.4864,0.9441,80.5,0.0994,1,2,4,0.6543,-1.2619,16.4224,36.0431341699821
"85","85",0,0,0,0,812,0,1,0.8,0.25,0.3341,0.1512,0.2905,0.1158,-0.2296,-0.782,0.5,4,-0.849,1.117,0.9291,63.5,0.0472,1,1,6,0.4447,0.6298,12.7874,51.3172298614368
"86","86",1,0,0,0,590,0,0,0.525,1,-0.4636,0.1512,-0.246,-0.4247,-0.9897,-0.7644,0.42,1,0.7414,0.2838,1,50,0.38,1,1,5,-0.6684,0.2229,11.8,51.853610606355
"87","87",0,0,1,0,265,0,1,0.3607,1,-0.0192,-0.6512,-0.5081,-0.2168,-0.2296,-0.7946,0.5,5,-0.849,-0.5736,0.4857,35,0.1571,1,0,4,-1.4559,-0.7289,7.5714,51.439739078587
"88","88",0,0,0,0,1051,0,0,0.2009,0.4444,0.1693,-0.1461,0.3157,0.7176,-0.6572,-0.5181,0.75,5,0.8005,0.619,0.9583,72,0.2847,1,1,4,0.3058,1.1957,14.5972,50.9741625633717
"89","89",0,0,0,0,1651,0,0,0.9101,1,-0.291,-1.0028,-0.2147,0.2099,1.4806,-0.782,0.58,4,0.219,-0.5392,0.9591,110,0.2364,1,2,6,-2.3872,0.3046,15.0091,51.4397387936257
"90","90",0,0,0,0,134,0,0,0.2239,1,-0.0503,-0.0627,0.0833,0.4659,-0.6097,-0.6941,0.5,4,1.7302,0.7237,0.9784,69.5,0.2446,0.7647,2,5,-0.995,0.6948,1.9281,51.5388458352641
"91","91",0,0,1,0,114,0,0,1.3043,1,-0.3119,-0.6512,0.3719,0.0394,-0.4196,0.0097,0.83,4,-1.2541,-0.8076,0.2,12.5,0.16,0.5,2,4,-0.6684,-0.1714,9.12,53.5892867127525
"92","92",0,1,0,0,473,0,1,0,NA,-0.0623,-1.4467,-0.0693,1.8133,1.4806,-0.6941,0.58,5,1.6094,1.4098,0.9273,55,0.1455,0.625,1,5,1.148,0.6298,8.6,49.833977192831
"93","93",0,0,0,0,441,0,0,0.1962,1,0.4158,-0.1461,0.3405,1.8133,0.0554,-0.6941,0.58,4,0.9328,1.1983,1,48,0.1354,1,2,5,-0.3334,1.3107,9.1875,40.2745540141281
"94","94",0,0,NA,NA,NA,NA,0,NA,NA,NA,NA,NA,NA,-0.7997,-0.3422,NA,NA,NA,NA,NA,NA,NA,NA,NA,NA,NA,NA,NA,53.6154855434222
"95","95",0,0,NA,NA,NA,NA,1,NA,NA,NA,NA,NA,NA,-0.7997,-0.3422,NA,NA,NA,NA,NA,NA,NA,NA,NA,NA,NA,NA,NA,43.473497027265
"96","96",0,0,0,0,460,0,1,0.5905,1,-0.6017,-0.0627,-0.5081,-0.5016,-0.9422,-0.6941,0.42,4,-0.1328,0.0814,0.9759,83,0.0361,1,2,4,0.4463,-0.0467,5.5422,55.3989284847984
"97","97",1,0,0,0,729,0,0,0.1163,1,0.9679,0.4393,0.7777,1.0958,-0.7997,-0.782,0.42,2,0.5881,0.0242,1,54.5,0.1835,1,1,6,0.2539,0.2229,13.3761,51.8529146301331
"98","98",1,0,0,0,326,0,1,0.2381,1,-0.9228,-0.3971,-0.2147,-0.9125,-1.2272,-0.782,0.33,0,-0.1328,-1.6823,0.881,42,0.381,1,1,5,0.03,-1.4562,7.7619,47.0673140099006
"99","99",1,0,0,0,1044,1,0,0.4455,1,2.202,1.5133,2.2317,1.8133,1.4806,-0.782,0.58,4,0.5881,0.7317,1,70,0.35,1,1,7,-0.6814,0.6298,14.9143,51.4991484938337
"100","100",0,0,NA,NA,NA,NA,1,NA,NA,NA,NA,NA,NA,-0.7997,-0.3422,NA,NA,NA,NA,NA,NA,NA,NA,NA,NA,NA,NA,NA,46.5289941770267
"101","101",0,0,0,0,650,0,1,0.9524,1,-0.8519,-0.3971,0.0557,-1.3031,-0.7997,0.0097,0.67,3,-1.2541,0.2921,0.725,60,0.1417,0.5294,0,0,0.2252,-0.4221,10.8333,50.5744820926122
"102","102",1,0,0,0,721,0,1,0.4828,1,1.5848,1.3744,0.9613,1.8133,1.4806,-0.5533,0.67,6,-0.2345,0.2838,0.9822,84.5,0.7278,1,2,5,-1.1571,-1.0151,8.5325,45.5028712976664
"103","103",0,0,0,0,819,0,1,1.2121,1,-0.4506,0.1852,-0.1754,-0.8228,-0.6572,-0.6061,0.67,5,0.9328,0.9091,0.8111,90,0.1389,1,2,5,0.5094,0.8718,9.1,56.279858300751
"104","104",0,0,NA,NA,NA,NA,1,NA,NA,NA,NA,NA,NA,-0.7997,-0.3422,NA,NA,NA,NA,NA,NA,NA,NA,NA,NA,NA,NA,NA,49.4027978725775
"105","105",0,0,0,0,221,0,0,0.2113,1,-0.1559,-0.1461,0.0833,0.1158,1.4806,-0.6941,0.58,6,-0.0295,0.3659,0.9365,31.5,0.0952,1,2,2,0.2749,0.6298,7.0159,42.0892282943407
"106","106",0,1,NA,NA,NA,NA,0,NA,NA,NA,NA,NA,NA,-0.7997,-0.3422,NA,NA,NA,NA,NA,NA,NA,NA,NA,NA,NA,NA,NA,46.710209516798
"107","107",0,0,0,0,888,0,0,0.2312,1,-0.2295,-0.2155,0.2905,-0.6512,1.4806,-0.5533,0.67,5,-1.2541,-0.8076,0.9528,63.5,0.3701,0.9574,1,6,-0.0265,0.3622,13.9843,58.5129069806764
"108","108",0,0,0,0,1061,0,1,0.398,1,1.596,0.7631,0.9808,1.8133,-0.7997,-0.782,0.42,2,3.6096,0.9723,0.8186,113,NA,NA,0,1,2.3202,-0.1024,9.3894,45.5611969226752
"109","109",0,0,NA,NA,NA,NA,1,NA,NA,NA,NA,NA,NA,-0.7997,-0.3422,NA,NA,NA,NA,NA,NA,NA,NA,NA,NA,NA,NA,NA,48.6999635671893
"110","110",0,0,0,0,1144,0,1,0.8487,1,0.3908,0.5021,0.178,1.0958,-0.6097,-0.6941,0.5,4,-0.1671,0.817,0.9,155,0.2032,1,1,4,1.148,0.9807,7.3806,54.0059250650621
"111","111",0,0,0,0,468,0,0,1.2632,1,-0.7157,-0.8669,-0.7967,-0.6676,0.9105,-0.782,0.58,3,-0.4813,0.9008,0.9322,59,0.2542,1,1,6,0.0185,1.5443,7.9322,51.3660197032607
"112","112",0,0,0,0,865,0,0,0.3554,1,0.1998,-0.0627,0.3157,0.1158,1.4806,-0.6941,0.58,6,-0.1328,0.7317,1,57.5,0.2957,1,2,6,-1.2009,-0.1073,15.0435,49.7308201714753
"113","113",0,0,NA,NA,NA,NA,0,NA,NA,NA,NA,NA,NA,-0.7997,-0.3422,NA,NA,NA,NA,NA,NA,NA,NA,NA,NA,NA,NA,NA,54.1862517888418
"114","114",0,0,0,0,1206,0,0,0.4091,1,NA,NA,NA,NA,0.9105,-0.6941,0.5,3,-1.2541,-1.6823,0.9567,127,0.126,0.8125,1,1,-0.2873,0.6925,9.4961,52.7699751093087
"115","115",0,0,0,0,997,0,1,0.2991,1,-0.4351,-0.8669,NA,1.8133,1.4806,-0.6941,0.58,4,1.7302,0.9226,0.7412,114,0.0921,0.8571,1,0,0.4553,-0.3599,8.7456,46.0943002745014
"116","116",0,0,0,0,492,0,0,1.4286,0.9786,-1.1096,-2.0963,-0.3881,-0.3319,1.4806,-0.6941,0.58,4,-1.2541,-0.7903,0.8953,43,0.1163,0.1,3,5,0.8947,1.8402,11.4419,54.3832551989751
"117","117",0,0,0,0,NA,0,1,NA,NA,-0.6113,-0.3054,-0.7967,-0.032,0.9105,-0.6941,0.58,4,0.9328,0.798,NA,NA,NA,NA,0,3,0.8947,1.1957,NA,48.7892782002511
"118","118",0,0,0,0,93,0,1,1,1,-0.4352,-0.8669,-0.5081,0.1158,-0.6097,-0.6438,0.58,5,3.6096,-1.6823,0.75,30,0.1833,0.6364,0,2,-0.995,0.7486,3.1,53.1318406203403
"119","119",0,1,0,1,98,0,0,1.1053,1,0.0293,0.1895,1.0154,-0.5182,1.4806,0.7134,0.67,5,0.2208,0.2838,0.7368,9.5,0.1053,1,1,4,-0.995,-0.9281,10.3158,54.7346340196068
"120","120",0,0,NA,NA,NA,NA,0,NA,NA,NA,NA,NA,NA,-0.7997,-0.3422,NA,NA,NA,NA,NA,NA,NA,NA,NA,NA,NA,NA,NA,54.0609935538448
"121","121",0,0,0,0,886,0,0,0.6512,1,-0.1625,0.1269,0.3473,0.3642,0.0554,-0.6941,0.58,5,0.165,-0.0532,0.7172,122,0.2459,0.7833,1,6,0.4447,0.6298,7.2623,53.665521168797
"122","122",0,0,0,0,1144,0,0,0.8487,1,0.3908,0.5021,0.178,1.0958,-0.6097,-0.6941,0.5,4,-0.1671,0.817,0.9,155,0.2032,1,1,4,1.148,0.9807,7.3806,53.6922298982062
"123","123",1,0,0,0,435,0,1,0.313,1,-0.6302,-0.4435,0.2905,-0.9738,-0.4196,-0.6941,0.67,5,0.068,0.5382,0.8364,110,0.5727,0.9048,0,6,0.8947,0.6298,3.9545,41.6148241731235
"124","124",0,0,0,0,1400,0,1,0.1846,1,-1.0175,-1.0028,-1.223,-0.6512,1.4806,-0.782,0.58,5,0.2467,1.4002,NA,NA,NA,NA,2,3,0.8947,0.2229,NA,39.8749476126989
"125","125",0,0,0,0,527,0,1,2.1053,1,-0.6899,-1.1189,-0.7967,0.0558,1.4806,-0.782,0.5,5,-1.2541,0.7317,0.8986,74,0.0743,0.1818,1,5,0.4447,0.6298,7.1216,44.8748331732525
"126","126",0,0,1,0,395,0,1,0.7692,1,0.5828,0.8017,0.5864,1.1284,1.4806,0.1856,1,5,-1.2541,0.5382,0.5905,52.5,0.4095,0.3488,2,5,0.8947,-1.4562,7.5238,47.3630242085626
"127","127",0,0,0,0,449,1,1,0.5814,1,-0.3772,0.1512,-0.1449,-0.6676,-0.7997,-0.6438,0.5,3,3.6096,1.643,0.8305,59,0.3305,1,1,6,1.3458,1.7822,7.6102,50.314624727207
"128","128",0,0,0,0,658,0,1,0.5259,1,1.0889,0.7456,1.0434,1.8133,-0.7997,-0.782,0.42,4,0.4084,0.7317,0.825,80,0.2063,0.8788,1,7,0.3058,1.2432,8.225,48.5377133286999
"129","129",0,0,0,0,904,0,0,0.0949,1,-0.6108,0.6587,-0.8852,-0.7451,-0.7997,-0.782,0.42,3,-0.0295,1.2073,1,88,0.1818,1,3,1,0.03,0.1652,10.2727,51.0852243777998
"130","130",0,0,0,0,1208,0,1,1.9763,1,-0.2521,7e-04,-0.5526,-0.4247,1.4806,-0.782,0.58,4,-0.3301,0.817,0.7562,141.5,0.1802,0.9804,0,6,0.2941,2.0826,8.5371,52.7545008880762
"131","131",1,0,0,0,773,0,1,0.4421,1,-0.2564,-0.2882,-0.4317,0.0231,0.0554,-0.6941,0.67,4,1.7302,0.4652,1,91.5,0.1421,1,0,1,0.1937,0.5529,8.4481,46.4354574030419
"132","132",0,0,NA,NA,NA,NA,0,NA,NA,NA,NA,NA,NA,-0.7997,-0.3422,NA,NA,NA,NA,NA,NA,NA,NA,NA,NA,NA,NA,NA,53.598185403625
"133","133",0,1,0,0,708,0,1,1,1,0.7879,-1.1452,1.0434,1.8133,1.4806,-0.7644,0.67,4,0.9328,1.117,NA,53.5,NA,NA,2,6,NA,NA,13.2336,55.2418479502613
"134","134",0,0,NA,NA,NA,NA,1,NA,NA,NA,NA,NA,NA,-0.7997,-0.3422,NA,NA,NA,NA,NA,NA,NA,NA,NA,NA,NA,NA,NA,48.0264010819268
"135","135",1,0,0,0,381,1,0,0.2264,1,0.5459,0.7088,0.5085,0.6203,-0.2296,-0.6941,0.5,3,0.4667,0.9639,0.65,40,0.175,1,2,2,0.4447,-0.2955,9.525,40.5501118930141
"136","136",1,0,0,0,952,0,0,0.4267,1,1.0133,1.1989,1.2219,0.6203,1.4806,-0.782,0.58,4,-0.3301,-1.6823,1,65,0.9846,0.25,0,6,-0.995,0.6298,14.6462,46.4849194569576
"137","137",0,0,NA,NA,NA,NA,0,NA,NA,NA,NA,NA,NA,-0.7997,-0.3422,NA,NA,NA,NA,NA,NA,NA,NA,NA,NA,NA,NA,NA,48.3437738746072
"138","138",0,0,NA,NA,NA,NA,0,NA,NA,NA,NA,NA,NA,-0.7997,-0.3422,NA,NA,NA,NA,NA,NA,NA,NA,NA,NA,NA,NA,NA,54.5273810394973
"139","139",0,0,0,0,240,0,1,1.2766,1,0.8006,0.6115,1.5685,0.3642,-0.2296,-0.782,0.5,5,-1.2541,-0.0623,1,55,0.1636,1,2,6,1.5064,1.9769,4.3636,53.1614274883221
"140","140",0,0,0,0,1354,0,0,0.1974,1,-1.5273,-1.4467,-1.6791,-1.2228,1.4806,-0.6941,0.58,4,-0.2374,-1.6823,1,92.5,0.3405,1,1,5,-2.3872,-2.1182,14.6378,57.0349526092302
"141","141",0,0,0,0,38,0,0,NA,NA,0.4351,1.0096,0.4846,0.0394,1.4806,-0.5684,0.75,6,1.3451,1.4995,0.8571,7,0.2143,0,1,5,0.6915,-0.4221,5.4286,53.5272214002682
"142","142",0,0,0,0,1175,0,0,0.3739,1,1.6551,1.2617,2.2317,0.4475,1.4806,-0.782,0.58,5,1.5141,0.8467,0.9375,80,0.2313,1,1,4,-0.2873,0.6298,14.6875,53.6929359026986
"143","143",0,0,0,0,1449,0,1,0.8803,1,NA,NA,NA,NA,0.9105,-0.7644,0.67,3,-0.2345,0.337,0.807,142.5,0.1614,0.9348,0,5,0.6543,1.7822,10.1684,53.0047165724988
"144","144",0,0,0,0,760,1,1,0.1176,1,0.4671,-0.0766,0.3157,0.3642,1.4806,-0.6941,0.58,5,-0.6423,1.3754,0.7273,110,0.7273,0.375,1,2,0.8947,0.8718,6.9091,43.2887962013494
"145","145",0,0,0,0,219,0,1,1.2222,1,-0.0522,0.3768,0.0833,-0.4412,0.9105,-0.7192,0.75,3,-1.2541,-0.214,0.3636,27.5,0.1091,0.3333,0,3,-0.3334,-0.4789,7.9636,54.5201140421736
"146","146",0,0,0,0,1997,0,1,0.2579,1,-0.6603,-0.8077,-1.3301,-0.2002,1.4806,-0.782,0.58,6,-1.2541,0.8461,0.9716,176,0.3892,0.9562,2,5,0.1818,-0.2386,11.3466,51.692111470157
"147","147",0,0,0,0,800,0,1,1.6216,1,1.0376,0.3653,0.5929,1.0958,1.4806,-0.7946,0.5,4,1.5141,0.5301,0.9836,91.5,0.1093,1,1,7,0.03,0.2229,8.7432,42.3088018517948
"148","148",1,0,NA,NA,NA,NA,0,NA,NA,NA,NA,NA,NA,-0.7997,-0.3422,NA,NA,NA,NA,NA,NA,NA,NA,NA,NA,NA,NA,NA,42.4696979581139
"149","149",0,0,NA,NA,NA,NA,0,NA,NA,NA,NA,NA,NA,-0.7997,-0.3422,NA,NA,NA,NA,NA,NA,NA,NA,NA,NA,NA,NA,NA,48.4425720721255
"150","150",0,0,1,0,88,0,1,1,1,0.7467,-0.2305,0.9808,0.5291,1.4806,1.2412,0.75,3,-0.3301,-1.6823,0.1818,5.5,0.1818,0,1,6,-1.458,-2.1182,16,45.1456332095351
"151","151",0,0,0,0,830,0,0,0.4058,1,0.2315,0.7151,0.5388,-0.184,-0.4196,-0.3422,0.83,4,-0.6423,0.5902,0.9655,72.5,0.2345,1,3,6,-0.7223,0.5711,11.4483,56.6036180155043
"152","152",1,0,NA,NA,NA,NA,1,NA,NA,NA,NA,NA,NA,-0.7997,-0.3422,NA,NA,NA,NA,NA,NA,NA,NA,NA,NA,NA,NA,NA,44.940515583956
"153","153",0,0,0,0,714,0,0,0.6557,1,-0.7524,-0.3971,-0.1754,-0.6512,-0.2296,-0.7946,0.5,4,-1.2541,0.5382,1,46.5,0.3548,0.9091,3,7,-1.458,0.8718,15.3548,53.9899494513463
"154","154",0,1,0,0,664,0,1,0.4403,1,0.5429,-0.497,0.2836,1.8133,1.4806,-0.5181,0.75,5,3.6096,1.9655,0.72,75,0.4467,0.8507,0,6,2.1722,3.3696,8.8533,53.5954166913143
"155","155",0,0,0,0,638,0,1,0.5776,1,0.0858,0.8729,0.5085,-0.6676,-0.5147,-0.7644,0.58,2,-1.2541,-1.6823,0.9826,86,0.0581,1,3,6,-1.458,-0.4866,7.4186,44.580389279316
"156","156",0,0,0,0,132,0,1,2.5,1,0.172,0.1512,0.3473,0.2099,-0.2296,-0.782,0.5,4,-0.1328,0.7317,0.9375,24,0.2292,1,0,5,0.8947,0.6925,5.5,46.2594907785775
"157","157",0,0,NA,NA,NA,NA,1,NA,NA,NA,NA,NA,NA,-0.7997,-0.3422,NA,NA,NA,NA,NA,NA,NA,NA,NA,NA,NA,NA,NA,45.0764846491789
"158","158",0,0,0,1,85,0,0,1.4286,1,-0.2321,0.2557,0.0833,-0.6676,0.9105,0.7134,0.75,4,0.5881,-0.044,0.5161,15.5,0.129,1,2,4,-1.2753,-0.1073,5.4839,51.0575611652422
"159","159",0,0,0,0,982,0,0,0.522,0.9474,-0.449,-0.632,0.1103,-0.6512,0.0554,-0.4302,0.83,6,1.19,0.7026,1,66.5,0.3534,1,2,4,-1.458,1.503,14.7669,63.1314762869987
"160","160",0,0,0,0,1452,0,1,0.1626,1,0.6198,0.6096,0.2905,0.7176,1.4806,-0.782,0.58,5,0.1399,0.9174,0.7887,194,0.1134,1,1,7,0.8947,0.9807,7.4845,48.6404268212908
"161","161",0,0,0,0,85,0,1,2.2941,1,1.0511,1.0279,NA,0.3471,0.3405,-0.3422,0.67,2,0.2208,-0.4548,0.6829,20.5,0.1707,0,1,6,-1.1571,0.9276,4.1463,53.0755497232977
"162","162",0,0,0,0,1221,0,1,0.7723,1,-1.5168,-1.4467,-1.223,-1.4615,-0.2296,-0.6061,0.58,6,-0.849,0.1592,0.9362,141,0.1312,0.8919,0,5,0.4447,0.3622,8.6596,43.3082114860547
"163","163",0,0,NA,NA,NA,NA,1,NA,NA,NA,NA,NA,NA,-0.7997,-0.3422,NA,NA,NA,NA,NA,NA,NA,NA,NA,NA,NA,NA,NA,50.5091367340785
"164","164",0,0,1,0,127,0,0,0.9,1,0.1782,0.2784,0.2905,0.0394,1.4806,2.8245,1,3,-1.2541,-1.6823,0.2667,15,0.2667,0.375,1,5,-2.3872,-2.1182,8.4667,42.5717476437192
"165","165",0,0,NA,NA,NA,NA,1,NA,NA,NA,NA,NA,NA,-0.7997,-0.3422,NA,NA,NA,NA,NA,NA,NA,NA,NA,NA,NA,NA,NA,42.3535691795871
"166","166",0,1,0,1,129,1,1,4.2593,1,0.6342,0.93,0.2836,0.7176,-0.7997,2.2968,0.83,2,-0.654,-0.7903,0.88,12.5,0.6,0.9333,1,6,-2.3872,-0.1073,10.32,52.8435885956977
"167","167",0,0,NA,NA,NA,NA,0,NA,NA,NA,NA,NA,NA,-0.7997,-0.3422,NA,NA,NA,NA,NA,NA,NA,NA,NA,NA,NA,NA,NA,49.5120368894897
"168","168",0,0,0,0,NA,0,0,NA,NA,-0.6811,-0.5807,-0.1754,-0.4247,1.4806,-0.6941,0.58,6,-0.0295,-0.3772,1,60.5,0.2397,1,1,6,-0.6684,0.2229,NA,56.9032302103174
"169","169",0,0,NA,NA,NA,NA,0,NA,NA,NA,NA,NA,NA,-0.7997,-0.3422,NA,NA,NA,NA,NA,NA,NA,NA,NA,NA,NA,NA,NA,53.8156673450996
"170","170",0,1,0,0,786,0,1,0.6011,1,-0.2068,-1.4467,-0.5176,0.3642,0.3405,-0.782,0.58,3,0.0504,0.2758,0.8205,78,0.5833,0.6593,1,7,0.9329,1.554,10.0769,56.065538128111
"171","171",0,0,0,0,492,0,1,4.6667,0.9786,-1.0108,-2.0963,-0.3881,-0.0157,1.4806,-0.6941,0.58,4,-1.2541,-0.7903,0.6579,19,0.2632,1,3,5,0.8947,1.8402,25.8947,51.4856029146521
"172","172",0,0,NA,NA,NA,NA,0,NA,NA,NA,NA,NA,NA,-0.7997,-0.3422,NA,NA,NA,NA,NA,NA,NA,NA,NA,NA,NA,NA,NA,45.5328611554192
"173","173",0,1,0,0,1338,0,1,0.4633,1,-0.5927,-2.2051,-0.7587,-0.4247,-0.2296,-0.7644,0.58,4,-0.4993,-0.5736,0.9719,142.5,0.1754,0.96,3,6,1.7215,0.6298,9.3895,49.6238558898082
"174","174",0,0,0,0,1178,0,1,0.4494,1,-0.2959,-0.2155,0.0833,-0.4247,1.4806,-0.6941,0.58,6,-0.3301,0.4652,0.9747,118.5,0.1224,1,2,2,0.8947,0.2229,9.9409,51.5285764125408
"175","175",0,1,0,0,1058,0,0,0.2212,1,0.0115,-0.8003,-1.752,1.8133,-0.6097,-0.7192,0.58,4,0.0805,0.2089,0.92,75,0.1933,0.8966,0,5,-0.6814,0.6298,14.1067,60.6775158069744
"176","176",0,0,0,0,287,0,1,3.125,1,-0.2175,0.0407,-0.8852,0.1158,0.0554,-0.6061,0.67,5,-1.2541,0.0242,0.5176,42.5,0.0824,0.1429,NA,4,1.139,-0.4345,6.7529,41.5703896119786
"177","177",1,0,0,0,1244,0,0,0.2757,1,0.1834,0.6009,-0.4317,0.4659,1.4806,-0.6941,0.58,5,-0.849,-0.2041,1,95,0.4526,1,1,7,-0.6684,0.2229,13.0947,46.1410029653417
"178","178",0,0,0,0,641,0,0,0.4386,1,-1.4236,-1.1189,-0.7967,-1.1031,-0.6097,-0.7946,0.33,4,-0.654,0.4257,1,53.5,0.2991,1,1,5,-0.7223,-0.8076,11.9813,50.41107508506
"179","179",0,0,NA,NA,897,0,1,1.25,1,NA,NA,NA,NA,-0.7997,-0.3422,0,0,NA,NA,NA,NA,NA,NA,NA,4,NA,NA,NA,43.2376466551938
"180","180",0,1,0,0,1125,0,0,0.162,0.7391,-0.8294,-0.8077,-0.7967,-0.2002,-0.4196,-0.6061,0.67,7,0.9328,0.0814,0.3696,115,0.0696,1,0,3,-0.216,0.2911,9.7826,41.7634364121875
"181","181",1,0,NA,NA,NA,NA,0,NA,NA,NA,NA,NA,NA,-0.7997,-0.3422,NA,NA,NA,NA,NA,NA,NA,NA,NA,NA,NA,NA,NA,35.6601367809472
"182","182",0,1,0,0,306,0,1,0.411,1,-0.5678,-0.1461,0.0833,-0.7451,0.9105,-0.782,0.5,3,0.9328,1.0421,0.7792,38.5,0.1299,0.9,2,2,0.4447,1.0383,7.9481,37.5071958247326
"183","183",0,0,NA,NA,NA,NA,1,NA,NA,NA,NA,NA,NA,-0.7997,-0.3422,NA,NA,NA,NA,NA,NA,NA,NA,NA,NA,NA,NA,NA,51.9163761011293
"184","184",0,0,NA,NA,NA,NA,0,NA,NA,NA,NA,NA,NA,-0.7997,-0.3422,NA,NA,NA,NA,NA,NA,NA,NA,NA,NA,NA,NA,NA,59.7467849515856
"185","185",1,0,NA,NA,NA,NA,0,NA,NA,NA,NA,NA,NA,-0.7997,-0.3422,NA,NA,NA,NA,NA,NA,NA,NA,NA,NA,NA,NA,NA,54.2963471535506
"186","186",0,0,0,0,699,0,0,0.5714,1,-0.4987,-0.3655,-0.7967,-0.6512,-0.7997,-0.6941,0.42,3,-1.2541,-1.6823,0.8,72.5,0.3103,0.8889,3,5,-0.7223,0.2229,9.6414,58.9206717316083
"187","187",0,0,0,0,908,0,1,0.597,1,0.495,0.0788,0.5085,1.0958,-0.6097,-0.6941,0.5,4,0.0504,1.6159,0.8898,127,0.0276,0.7143,1,5,0.3058,-0.0467,7.1496,48.3700181914273
"188","188",0,0,1,0,281,0,1,0.449,1,-0.0989,-0.3054,-0.2232,1.0958,-0.6097,-0.5684,0.67,4,1.3451,-0.2041,0,28.5,0.0702,0,0,1,0.4447,-1.2437,9.8596,43.7935989952058
"189","189",0,0,0,0,1192,0,0,0.166,1,-0.6378,-0.8669,0.1176,-0.9738,1.4806,-0.782,0.58,4,1.5141,1.1749,0.9247,93,0.2742,1,2,5,0.0185,1.8402,12.8172,58.6465278906247
"190","190",1,0,0,0,645,0,1,0.8522,1,0.4151,0.4393,-0.1532,1.8133,1.4806,-0.6061,0.75,5,0.068,2.2801,0.9657,102,0.3039,0.9839,3,6,1.4794,0.2229,6.3235,40.0348142775655
"191","191",1,0,0,0,1021,0,1,0.4158,1,-0.237,-0.8669,0.178,1.1284,1.4806,-0.782,0.5,4,-0.3301,-0.7903,1,90.5,0.3425,1,0,7,0.4447,-1.3581,11.2818,45.2708594212126
"192","192",0,1,0,0,1371,1,0,0.3367,1,-1.5452,-1.7773,-1.6791,-0.3648,0.9105,-0.782,0.58,3,0.4825,0.4574,0.8594,124.5,0.1084,1,1,6,-0.3334,-0.1073,11.012,57.9870570576062
"193","193",0,1,0,0,707,0,1,0.6288,1,1.0805,0.5118,0.7777,1.8133,0.9105,-0.782,0.58,3,0.2987,0.5301,0.8188,69,0.1087,1,1,5,0.6915,0.6298,10.2464,56.5486977873356
"194","194",0,0,NA,NA,NA,NA,1,NA,NA,NA,NA,NA,NA,-0.7997,-0.3422,NA,NA,NA,NA,NA,NA,NA,NA,NA,NA,NA,NA,NA,45.1033957612975
"195","195",0,0,0,0,600,0,1,1.3636,1,0.459,0.2557,0.6981,0.3642,1.4806,-0.782,0.58,6,-0.1328,0.5301,0.5,105,0.5714,0.5833,1,5,1.148,1.589,5.7143,42.5778685739718
"196","196",0,1,NA,NA,NA,NA,0,NA,NA,NA,NA,NA,NA,-0.7997,-0.3422,NA,NA,NA,NA,NA,NA,NA,NA,NA,NA,NA,NA,NA,48.6158348244746
"197","197",1,0,0,0,2013,1,0,0.2273,1,0.8112,0.2784,0.809,1.8133,1.4806,-0.6941,0.58,6,1.7302,0.5382,1,151,0.2152,1,2,5,-0.3334,0.6298,13.3311,48.8728161805592
"198","198",1,0,0,0,1028,0,1,0.2844,1,-0.2191,-0.1864,0.0833,-0.1245,1.4806,-0.782,0.58,5,0.3922,0.9091,0.9224,116,0.056,1,1,6,0.4447,-0.8644,8.8621,41.4152731220299
"199","199",0,1,NA,NA,1418,0,1,0.1763,1,NA,NA,NA,NA,-0.7997,-0.3422,0,0,NA,NA,NA,NA,NA,NA,1,5,NA,NA,NA,57.728166536625
"200","200",0,0,0,0,1149,1,0,0.5098,1,0.4882,0.1512,0.7777,0.9596,0.9105,-0.6941,0.67,3,0.8986,0.1038,1,76.5,0.2876,1,1,6,-0.995,0.3046,15.0196,51.9208535697169
"201","201",0,1,0,0,323,0,1,0.4902,1,0.7754,0.8462,0.1176,0.7395,1.4806,-0.782,0.58,5,1.6094,0.6586,0.7257,56.5,0.2301,0.9615,0,3,0.7576,-0.878,5.7168,44.4178839361782
"202","202",0,0,0,0,300,0,1,0.2203,1,-0.7966,0.2557,-1.165,-1.3205,1.4806,-0.5533,0.67,6,1.613,0.337,0.7742,46.5,0.5269,0.5714,2,5,-0.175,0.6829,6.4516,44.1340395351945
"203","203",1,0,NA,NA,NA,NA,1,NA,NA,NA,NA,NA,NA,-0.7997,-0.3422,NA,NA,NA,NA,NA,NA,NA,NA,NA,NA,NA,NA,NA,44.4091583363149
"204","204",0,1,NA,NA,NA,NA,0,NA,NA,NA,NA,NA,NA,-0.7997,-0.3422,NA,NA,NA,NA,NA,NA,NA,NA,NA,NA,NA,NA,NA,41.7296223074815
"205","205",1,0,0,0,417,1,0,0.4848,1,0.8733,0.1895,1.0434,1.8133,0.3405,-0.782,0.5,2,1.613,0.4495,1,30.5,0.1803,1,1,3,-0.3947,1.347,13.6721,58.8420632963042
"206","206",0,0,NA,NA,NA,NA,1,NA,NA,NA,NA,NA,NA,-0.7997,-0.3422,NA,NA,NA,NA,NA,NA,NA,NA,NA,NA,NA,NA,NA,52.7310688906412
"207","207",0,1,0,0,502,0,0,0.1786,1,2.0121,1.1816,1.289,1.8133,-0.4196,-0.6941,0.58,5,1.7302,1.7222,0.9381,48.5,0.1443,1,3,2,-0.3334,0.4232,10.3505,36.0738957355799
"208","208",0,0,NA,NA,NA,NA,0,NA,NA,NA,NA,NA,NA,-0.7997,-0.3422,NA,NA,NA,NA,NA,NA,NA,NA,NA,NA,NA,NA,NA,54.1625486253604
"209","209",0,0,NA,NA,NA,NA,1,NA,NA,NA,NA,NA,NA,-0.7997,-0.3422,NA,NA,NA,NA,NA,NA,NA,NA,NA,NA,NA,NA,NA,42.2669457023377
"210","210",0,0,NA,NA,NA,NA,0,NA,NA,NA,NA,NA,NA,-0.7997,-0.3422,0,0,NA,NA,NA,NA,NA,NA,NA,NA,NA,NA,NA,48.7551423348992
"211","211",1,0,NA,NA,NA,NA,0,NA,NA,NA,NA,NA,NA,-0.7997,-0.3422,NA,NA,NA,NA,NA,NA,NA,NA,NA,NA,NA,NA,NA,45.0310770841514
"212","212",0,0,0,0,991,0,0,0.3184,1,-0.6924,-0.8669,-0.2147,-0.4247,-0.6097,-0.7644,0.58,4,0.3922,0.5301,0.9412,85,0.2471,0.9048,3,4,-0.995,0.9807,11.6588,46.03100153506
"213","213",0,0,NA,NA,103,0,0,1,1,-1.2627,-0.4435,-1.223,-0.3648,1.4806,-0.6438,0.67,3,-1.2541,-1.6823,0.5556,9,0.0556,1,0,4,-2.3872,-2.1182,11.4444,54.2557578136431
"214","214",0,0,0,0,38,0,1,NA,NA,NA,NA,NA,NA,1.4806,-0.6438,0.67,5,NA,NA,0.8333,9,0.1667,NA,1,5,NA,NA,4.2222,47.7052087172897
"215","215",0,1,0,0,1446,0,0,0.3986,1,0.7185,0.4393,0.5388,0.6203,0.0554,-0.7192,0.58,5,0.4084,-0.044,0.9,100,0.185,0.9189,2,3,0.0185,0.8718,14.46,53.112889979126
"216","216",0,0,0,0,1422,0,1,0.1731,1,-0.8485,-0.3971,-1.2693,-0.9125,-0.4196,-0.6061,0.67,4,0.9328,0.2758,0.8942,179.5,0.1421,0.9608,1,5,0.0185,0.3537,7.922,41.7577382217083
"217","217",0,1,0,0,757,0,0,1,1,-0.0541,-0.8669,0.0758,1.8133,1.4806,-0.6438,0.75,6,1.3608,0.9091,0.9537,54,0.2963,0.9688,2,6,-0.9935,2.0826,14.0185,61.3552929408407
"218","218",0,1,NA,NA,NA,NA,1,NA,NA,NA,NA,NA,NA,-0.7997,-0.3422,NA,NA,NA,NA,NA,NA,NA,NA,NA,NA,NA,NA,NA,50.2053452042768
"219","219",0,0,0,0,947,0,0,0.6398,1,NA,NA,NA,NA,-0.7997,-0.3422,0,0,NA,NA,0.9712,69.5,0.3022,0.9524,NA,NA,NA,NA,13.6259,57.0478423642484
"220","220",1,0,0,0,1532,0,1,0.1596,1,0.1724,-0.3971,0.0833,0.4475,-0.7997,-0.782,0.42,2,1.5115,-1.6823,0.7642,176,0.0398,0,0,4,1.5699,1.5443,8.7045,38.9204472601844
"221","221",0,1,0,0,1912,0,0,0.1902,1,0.5452,0.0788,0.5323,1.1284,-0.4196,-0.6941,0.58,4,0.3922,1.117,0.9527,169,0.2189,1,2,6,0.2964,-0.4789,11.3136,57.5028043517264
"222","222",0,0,0,0,394,0,1,0.9211,1,-0.3658,0.1512,-0.1069,-0.6676,-0.2296,-0.7192,0.58,3,0.5881,-0.5392,0.8943,61.5,0.0813,1,0,6,1.148,0.9233,6.4065,46.1805322638631
"223","223",0,1,0,0,834,0,1,0.3736,1,-0.3732,-0.632,-0.7111,0.4475,-0.6097,-0.6941,0.42,5,-0.1248,0.9764,0.7609,92,0.212,0.9231,1,6,-0.6814,-0.1073,9.0652,59.7415588130522
"224","224",0,0,0,0,743,1,1,0.2577,1,0.8504,0.3982,0.5626,0.4475,1.4806,-0.6941,0.58,4,1.251,0.9008,0.9122,74,0.1622,NA,0,5,-0.2873,0.8718,10.0405,46.8909919763164
"225","225",0,0,0,0,649,0,0,0.5105,1,-0.4678,-0.8669,-0.7967,0.3471,1.4806,-0.6061,0.67,6,1.5141,0.5382,1,52,0.1923,1,0,6,-0.995,0.6925,12.4808,50.6004653755559
"226","226",0,0,NA,NA,NA,NA,0,NA,NA,NA,NA,NA,NA,-0.7997,-0.3422,NA,NA,NA,NA,NA,NA,NA,NA,NA,NA,NA,NA,NA,46.8824914522485
"227","227",0,0,0,0,371,0,1,0.3967,1,-1.3664,-0.5807,-0.7484,-1.2228,-0.7997,-0.6941,0.42,3,0.0504,0.2838,0.6242,74.5,0.0671,0.6,1,0,0.8947,-0.5434,4.9799,48.3891584953723
"228","228",0,0,NA,NA,NA,NA,0,NA,NA,NA,NA,NA,NA,-0.7997,-0.3422,NA,NA,NA,NA,NA,NA,NA,NA,NA,NA,NA,NA,NA,42.3761182891039
"229","229",0,0,0,0,168,0,1,0.6667,0.6667,0.2162,0.7151,-0.1754,-0.2002,-0.2296,-0.5533,0.67,3,0.6839,0.7317,0.7742,15.5,0.2581,1,1,7,-0.3334,0.6298,10.8387,45.6912929975983
"230","230",0,1,0,1,81,0,0,1.7143,1,1.0876,0.8665,0.3679,1.8133,1.4806,0.1856,0.58,5,-1.2541,-0.9308,0.8571,7,0.4286,1,0,5,-0.6684,-2.1182,11.5714,43.3246174496106
"231","231",0,0,NA,NA,NA,NA,1,NA,NA,NA,NA,NA,NA,-0.7997,-0.3422,NA,NA,NA,NA,NA,NA,NA,NA,NA,NA,NA,NA,NA,51.9344899879965
"232","232",0,1,NA,NA,NA,NA,1,NA,NA,NA,NA,NA,NA,-0.7997,-0.3422,NA,NA,NA,NA,NA,NA,NA,NA,NA,NA,NA,NA,NA,51.3326855661264
"233","233",0,0,1,0,104,0,1,1.5,0.75,0.026,0.7151,-0.1449,-0.4247,-0.2296,2.8245,1,0,0.4798,-0.8076,0.0833,18,0.1667,0.3333,1,5,1.5715,1.2535,5.7778,39.3716424358114
"234","234",0,0,0,0,981,0,0,0.3256,1,0.464,-1.4467,0.6168,0.7176,-0.2296,-0.7644,0.25,1,0.0091,-1.6823,0.9863,73,0.2466,1,0,4,-2.3872,-2.1182,13.4384,49.2986751489452
"235","235",0,1,0,0,737,0,0,0.3864,1,0.7602,-0.1461,0.5323,1.8133,-0.7997,-0.782,0.5,3,-0.2345,0.5382,0.9646,56.5,0.2478,1,2,0,-1.1571,0.3046,13.0442,52.4715515092241
"236","236",1,0,NA,NA,NA,NA,0,NA,NA,NA,NA,NA,NA,-0.7997,-0.3422,NA,NA,NA,NA,NA,NA,NA,NA,NA,NA,NA,NA,NA,54.9948376813216
"237","237",0,0,NA,NA,NA,NA,0,NA,NA,NA,NA,NA,NA,-0.7997,-0.3422,NA,NA,NA,NA,NA,NA,NA,NA,NA,NA,NA,NA,NA,54.9595448419867
"238","238",0,0,0,0,633,0,1,1.626,1,-1.5022,-1.7773,0.1103,-2.1242,0.9105,-0.7946,0.5,4,-0.3301,0.7848,0.9171,96.5,0.0466,1,1,5,1.148,1.1957,6.5596,50.5982200142994
"239","239",0,0,NA,NA,NA,NA,1,NA,NA,NA,NA,NA,NA,-0.7997,-0.3422,NA,NA,NA,NA,NA,NA,NA,NA,NA,NA,NA,NA,NA,48.1256101639669
"240","240",0,0,0,0,770,0,1,0.3871,1,1.4952,1.9327,1.5685,0.3642,1.4806,-0.6941,0.58,5,-0.1328,0.7157,0.6048,105,0.2,0.881,2,4,-0.0187,1.7822,7.3333,53.0976783471486
"241","241",0,0,1,0,263,1,1,0.5085,1,-0.8514,-1.7773,-0.8459,-0.7451,1.4806,-0.3422,0.83,6,0.0504,-0.8076,0.1132,26.5,0.0189,0,1,2,-0.0328,-0.1073,9.9245,47.7978301756023
"242","242",0,0,0,0,1012,0,1,1,1,-0.0651,-0.3971,-0.1449,0.3642,0.0554,-0.6061,0.67,7,-1.2541,0.345,0.7532,38.5,0.1299,0.9,1,5,0.5094,0.6298,26.2857,43.5275097556934
"243","243",0,0,0,0,246,0,1,0.5932,1,NA,NA,NA,NA,-0.7997,-0.3422,0,0,NA,NA,0.9524,31.5,0.2381,0.7333,0,NA,NA,NA,7.8095,38.5862488156701
"244","244",0,0,NA,NA,NA,NA,1,NA,NA,NA,NA,NA,NA,-0.7997,-0.3422,NA,NA,NA,NA,NA,NA,NA,NA,NA,NA,NA,NA,NA,46.3370520228198
"245","245",0,0,0,0,275,0,1,1.7674,1,-1.1096,-2.0963,-0.3881,-0.3319,1.4806,-0.6941,0.58,4,-1.2541,-0.7903,0.6883,38.5,0.0519,0.5,2,5,0.8947,1.8402,7.1429,49.0850241309385
"246","246",0,0,NA,NA,NA,NA,1,NA,NA,NA,NA,NA,NA,-0.7997,-0.3422,NA,NA,NA,NA,NA,NA,NA,NA,NA,NA,NA,NA,NA,61.8988250594899
"247","247",0,0,0,0,857,0,1,0.672,1,0.0414,-0.3054,-0.1754,0.3642,0.0554,-0.6941,0.58,5,-0.1328,1.117,0.7427,103,0.0728,1,1,6,0.5094,0.8718,8.3204,55.829076276993
"248","248",1,0,0,0,1055,1,0,0.0275,1,1.8208,0.9189,1.289,1.8133,1.4806,-0.782,0.58,5,0.736,0.2838,1,72,0.2708,1,1,4,-2.3872,-2.1182,14.6528,49.7944147132845
"249","249",0,0,0,0,1367,0,0,0.1552,1,-0.3512,-0.2305,-0.1754,-0.6676,-0.4196,-0.7946,0.58,4,1.7302,0.4574,1,137.5,0.0509,1,3,2,0.4069,0.5529,9.9418,41.2189868011649
"250","250",0,0,0,0,843,0,0,0.6936,1,-0.7953,-0.3971,-0.8352,-0.4247,1.4806,-0.782,0.58,4,-0.5885,0.5301,1,73,0.2192,1,0,7,-0.348,-0.1714,11.5479,58.4419377386756
"251","251",1,0,0,0,1266,1,0,0.1927,1,NA,NA,NA,NA,0.9105,-0.5181,0.58,3,0.9328,0.1122,NA,95.5,0.2565,NA,2,6,0.1818,-0.7839,13.2565,42.9202214530518
"252","252",1,0,0,0,919,0,1,0.5319,1,-0.3658,-0.3971,-0.1449,0.4475,1.4806,-0.6941,0.67,5,1.7302,0.2838,0.9686,95.5,0.1152,1,2,4,0.8931,1.3991,9.623,39.574922178061
"253","253",0,0,0,0,155,0,0,0.4828,1,0.249,0.0788,0.2905,-0.4247,1.4806,-0.782,0.58,5,0.5013,0.1038,0.9756,20.5,0.2927,1,0,3,-1.8174,-0.5311,7.561,50.9004815307921
"254","254",1,0,0,0,1570,0,1,0.7716,1,-1.0845,-0.1461,-1.165,-1.2228,0.9105,-0.7644,0.67,4,0.9328,0.2838,0.8466,176,0.5597,1,2,7,-0.3334,-1.4562,8.9205,45.4968465353138
"255","255",0,0,NA,NA,NA,NA,0,NA,NA,NA,NA,NA,NA,-0.7997,-0.3422,NA,NA,NA,NA,NA,NA,NA,NA,NA,NA,NA,NA,NA,51.2583182441775
"256","256",0,0,NA,NA,NA,NA,0,NA,NA,NA,NA,NA,NA,-0.7997,-0.3422,NA,NA,NA,NA,NA,NA,NA,NA,NA,NA,NA,NA,NA,50.2066969099607
"257","257",0,0,0,0,864,1,0,0.4651,1,1.1563,0.1895,0.7777,1.8133,1.4806,-0.5533,0.67,6,1.2485,0.4783,0.8621,87,0.3103,0.7593,2,4,-0.3334,0.6298,9.931,54.2849418057373
"258","258",0,0,NA,NA,NA,NA,1,NA,NA,NA,NA,NA,NA,-0.7997,-0.3422,NA,NA,NA,NA,NA,NA,NA,NA,NA,NA,NA,NA,NA,55.2297526989824
"259","259",0,0,NA,NA,NA,NA,1,NA,NA,NA,NA,NA,NA,-0.7997,-0.3422,NA,NA,NA,NA,NA,NA,NA,NA,NA,NA,NA,NA,NA,51.3199369115045
"260","260",0,1,0,0,1090,0,0,0.1794,1,-0.4615,-0.3971,-0.1449,-0.1082,-0.2296,-0.782,0.5,3,1.1587,-0.5736,0.9063,80,0.2,0.9375,0,6,-0.3506,-0.2386,13.625,52.4203810424485
"261","261",0,0,0,0,374,0,0,0.5128,1,-1.4131,-1.7773,-1.6791,-1.1262,-0.7997,-0.782,0.42,2,-0.5885,0.0814,0.7692,84.5,0.2544,0.7442,3,7,0.0185,0.2229,4.426,58.4582992218104
"262","262",0,0,NA,NA,NA,NA,0,NA,NA,NA,NA,NA,NA,-0.7997,-0.3422,NA,NA,NA,NA,NA,NA,NA,NA,NA,NA,NA,NA,NA,49.4834551797404
"263","263",0,0,0,0,52,0,1,NA,NA,-1.0735,-1.1189,-1.223,-0.4247,1.4806,-0.6941,0.58,5,0.068,-0.3657,0.7857,14,0.5,0.7143,0,6,0.4447,0.3046,3.7143,46.4316022710847
"264","264",0,1,NA,NA,NA,NA,0,NA,NA,NA,NA,NA,NA,-0.7997,-0.3422,NA,NA,NA,NA,NA,NA,NA,NA,NA,NA,NA,NA,NA,56.0762762767514
"265","265",1,0,0,1,3,0,1,NA,NA,0.2012,0.2666,-0.5081,0.4295,0.3405,-0.5181,0.83,2,-0.1328,-0.5392,0.1429,14,0.4643,0.0769,2,5,0.6915,-0.5606,1,47.2175883990052
"266","266",1,0,0,0,1015,0,0,0.3571,1,0.951,1.1989,0.3405,1.8133,0.9105,-0.7192,0.58,4,1.5141,0.7317,1,79,0.3165,1,1,6,-0.348,0.6298,12.8481,56.3585029830926
"267","267",0,0,NA,NA,NA,NA,1,NA,NA,NA,NA,NA,NA,-0.7997,-0.3422,NA,NA,NA,NA,NA,NA,NA,NA,NA,NA,NA,NA,NA,48.507381423589
"268","268",0,0,1,0,257,0,1,0.8,1,-1.7076,-1.9526,-2.1638,-1.4795,1.4806,-0.3422,0.75,2,1.6094,0.2838,0.0385,26,0.0385,NA,0,2,1.2926,0.3672,9.8846,43.7742851312345
"269","269",0,0,0,0,622,0,1,1.0714,0.7778,-0.0711,-0.5455,-0.1449,-0.4412,0.0554,-0.6941,0.67,6,0.0063,0.6586,NA,NA,NA,NA,0,5,NA,NA,NA,45.683133969635
"270","270",1,0,0,0,155,0,0,0.4242,1,0.9472,0.1895,1.0434,1.8133,0.9105,-0.782,0.58,3,1.613,0.4495,1,15,0.2333,1,1,3,-0.3947,1.347,10.3333,49.7400931096479
"271","271",1,0,0,0,1304,0,0,0.2968,1,-0.0157,0.6689,-0.2147,0.1158,-0.4196,-0.6941,0.58,4,-0.3301,0.09,0.9471,94.5,0.1905,0.9722,2,5,-0.995,0.1026,13.7989,46.4231264306662
"272","272",1,0,NA,NA,NA,NA,1,NA,NA,NA,NA,NA,NA,-0.7997,-0.3422,NA,NA,NA,NA,NA,NA,NA,NA,NA,NA,NA,NA,NA,37.2109445703297
"273","273",0,1,0,0,826,0,0,0.1143,1,0.0546,-0.4435,1.5685,-0.7285,-0.4196,-0.5181,0.75,5,0.9328,0.9008,0.6892,74,0.1554,0.8261,1,1,0.6543,1.503,11.1622,45.0942712247991
"274","274",0,0,0,0,693,0,1,1.5752,1,-0.707,-0.8077,-1.2693,0.4659,-0.6097,-0.6941,0.5,4,0.3806,0.5301,0.7754,93.5,0.1872,0.8571,1,6,0.0972,0.2857,7.4118,50.1728560870667
"275","275",0,0,0,0,925,0,1,0.787,1,0.4468,0.1895,0.0481,1.8133,0.9105,-0.782,0.67,3,0.9559,0.4704,0.9162,95.5,0.0524,1,1,5,-0.995,0.3622,9.6859,56.3640728870098
"276","276",0,1,0,0,NA,1,1,NA,1,0.1538,0.7151,0.2905,-0.4247,0.0554,-0.6941,0.58,6,0.9328,0.7317,0.9532,117.5,0.1106,1,1,3,0.0166,-0.2386,NA,39.9094510450249
"277","277",0,0,0,0,608,0,1,0.8308,1,-0.9579,-0.8669,-2.2467,0.3471,-0.6097,-0.6589,0.58,4,0.068,-0.0532,0.7554,69.5,0.3525,0.9184,0,3,0.6543,1.4523,8.7482,48.7951946310315
"278","278",0,0,0,0,1100,0,0,0.3433,1,0.3901,0.1512,0.5085,0.3642,1.4806,-0.782,0.58,6,-0.1328,-0.0679,0.7282,103,0.2864,0.8814,3,7,0.0185,0.617,10.6796,56.6077318954564
"279","279",0,0,0,0,201,0,0,0.2273,1,-0.4032,-1.4467,-0.1449,0.4475,-0.6572,-0.7946,0.5,6,0.5013,1.7116,0.9024,20.5,0.2195,1,1,3,0.4553,1.0383,9.8049,43.2543190072443
"280","280",0,0,NA,NA,NA,NA,0,NA,NA,NA,NA,NA,NA,-0.7997,-0.3422,NA,NA,NA,NA,NA,NA,NA,NA,NA,NA,NA,NA,NA,42.907809211354
"281","281",0,0,0,0,389,0,1,1.6667,1,-0.6603,-1.7773,-0.7967,0.1158,0.0554,-0.6061,0.58,4,-1.2541,-0.214,0.3113,75.5,0.053,1,0,5,0.8947,-0.3599,5.1523,44.3253592827709
"282","282",0,0,0,0,210,0,0,1.2292,1,0.5014,-0.0627,0.2836,1.8133,-0.6572,-0.6941,0.58,4,0.9328,2.8351,1,18.5,0.0811,1,2,6,-0.995,1.0383,11.3514,50.5904906193392
"283","283",0,0,0,0,457,0,0,0.2125,1,3.0632,2.2694,2.2317,1.8133,-0.9897,-0.782,0.42,1,0.9328,-0.044,1,45,0.1778,1,2,1,-0.6684,1.2496,10.1556,50.7515717486705
"284","284",0,0,1,0,88,0,0,1.4444,1,-0.1848,0.1751,0.5388,-0.4247,-0.7997,-0.2102,0.83,5,-0.3301,0.5382,0.619,10.5,0.1905,1,1,6,0.0185,-0.1073,8.381,56.9464912247339
"285","285",0,1,NA,NA,NA,NA,0,NA,NA,NA,NA,NA,NA,-0.7997,-0.3422,NA,NA,NA,NA,NA,NA,NA,NA,NA,NA,NA,NA,NA,57.5225695205087
"286","286",1,0,0,0,693,0,0,0.625,1,-1.0088,-0.2305,-0.8852,-0.9907,1.4806,-0.6941,0.58,6,-0.9866,0.9639,1,104,0.2404,1,2,2,-0.995,-0.4743,6.6635,43.6453636860558
"287","287",0,0,1,0,310,0,1,0.3297,1,-1.2682,-1.7773,-1.165,-0.6676,1.4806,-0.6941,0.58,4,-1.2541,0.7106,0.0323,31,0.0806,0,1,3,0.2941,-2.1182,10,43.1068508249135
"288","288",1,0,0,0,1806,1,0,0.3553,1,NA,NA,NA,NA,-0.7997,-0.3422,0,0,NA,NA,1,130,0.3308,1,NA,NA,NA,NA,13.8923,46.9416997419108
"289","289",0,0,1,0,146,0,1,1.1429,1,0.178,1.2995,0.3473,-0.184,-0.9897,-0.7946,0.42,1,-0.9916,0.1592,0.087,23,0.0435,0,NA,0,0.5482,0.6298,6.3478,43.2682483546109
"290","290",0,0,0,0,299,0,1,3.5714,0.86,-0.1685,7e-04,-0.1449,-0.4247,-0.7997,-0.7946,0.25,3,-0.6703,0.6111,0.7358,26.5,0.1132,1,1,5,-0.995,-1.2437,11.283,44.0193668140361
"291","291",0,0,0,1,720,1,1,0.3529,1,-0.4941,-0.8669,-0.1449,-0.2002,1.4806,2.8245,1,6,-0.849,0.1592,0.5657,49.5,0.0606,1,2,4,-0.5703,-0.7289,14.5455,51.8292966393154
"292","292",0,0,0,0,806,0,0,0.3571,1,-1.0496,-0.3971,-1.165,-0.7451,-0.2296,-0.782,0.5,3,0.9328,-0.3657,0.9697,82.5,0.2788,0.9565,1,6,0.8947,0.6298,9.7697,52.6007510696347
"293","293",0,0,0,0,1062,1,0,0.246,1,-0.2398,0.1512,0.0201,-0.4247,1.4806,-0.6061,0.75,4,1.7302,1.4002,0.8148,81,0.142,1,3,6,-0.9044,0.6829,13.1111,52.5304318111202
"294","294",0,0,NA,NA,NA,NA,0,NA,NA,NA,NA,NA,NA,-0.7997,-0.3422,NA,NA,NA,NA,NA,NA,NA,NA,NA,NA,NA,NA,NA,51.8213687632703
"295","295",0,0,NA,NA,NA,NA,0,NA,NA,NA,NA,NA,NA,-0.7997,-0.3422,NA,NA,NA,NA,NA,NA,NA,NA,NA,NA,NA,NA,NA,49.3855807951557
"296","296",0,0,NA,NA,NA,NA,1,NA,NA,NA,NA,NA,NA,-0.7997,-0.3422,NA,NA,NA,NA,NA,NA,NA,NA,NA,NA,NA,NA,NA,45.0775438532018
"297","297",0,1,NA,NA,NA,NA,0,NA,NA,NA,NA,NA,NA,-0.7997,-0.3422,NA,NA,NA,NA,NA,NA,NA,NA,NA,NA,NA,NA,NA,39.9923472843976
"298","298",0,0,NA,NA,NA,NA,1,NA,NA,NA,NA,NA,NA,-0.7997,-0.3422,NA,NA,NA,NA,NA,NA,NA,NA,NA,NA,NA,NA,NA,52.0149004922947
"299","299",0,1,0,0,921,0,0,0.3911,1,-0.5257,-0.3466,-0.1449,-0.5182,-0.4196,-0.6941,0.67,5,-0.1328,-0.5736,0.985,66.5,0.2406,1,1,4,0.5094,0.3046,13.8496,55.4055771937383
"300","300",0,0,0,0,80,0,0,0.0769,1,-0.2325,-0.4435,0.2905,-0.6676,-0.2296,-0.7644,0.58,5,3.6096,0.5301,0.8788,16.5,0.1515,1,2,3,0.4447,0.0897,4.8485,43.0268222250975
"301","301",0,0,1,0,449,0,1,0.6066,1,-0.8995,-0.8669,-0.5081,-0.6512,0.9105,-0.4741,0.58,3,-0.2374,0.2838,0.1034,43.5,0.1149,0,1,4,0.0185,0.6298,10.3218,45.1874031180127
"302","302",0,1,0,0,112,0,1,1.1765,1,-0.809,-0.2749,-0.8352,-1.2228,1.4806,2.8245,1,6,0.5881,0.0814,0,12,0.125,NA,0,0,0.03,-2.1182,9.3333,40.6994474102585
"303","303",0,0,0,0,1108,1,0,0.249,1,-1.0787,-0.3971,-0.7967,-0.9907,-0.7997,-0.7946,0.33,2,0.068,0.2838,0.8,125,0.2,1,0,5,-0.2873,0.2229,8.864,55.4224657993117
"304","304",0,0,NA,NA,NA,NA,0,NA,NA,NA,NA,NA,NA,-0.7997,-0.3422,NA,NA,NA,NA,NA,NA,NA,NA,NA,NA,NA,NA,NA,54.4297943393281
"305","305",0,0,NA,NA,NA,NA,1,NA,NA,NA,NA,NA,NA,-0.7997,-0.3422,NA,NA,NA,NA,NA,NA,NA,NA,NA,NA,NA,NA,NA,45.7540541738024
"306","306",0,1,0,0,1391,1,1,0.1873,1,0.1303,0.4393,-0.4317,0.7395,-0.2296,-0.782,0.5,3,-0.3301,0.9091,0.7762,138.5,0.1841,0.9608,1,4,-0.6684,-0.9281,10.0433,47.2757440227689
"307","307",0,0,0,0,591,0,1,0.8696,1,-0.0673,0.0788,-0.5882,0.1158,-0.2296,-0.782,0.5,4,-0.7421,0.2299,0.7388,122.5,0.0735,0.5556,0,4,0.005,1.1957,4.8245,50.0967110261795
"308","308",1,0,0,0,350,0,0,0.2158,0.5667,-0.9698,-1.7773,-2.0798,1.0958,-0.2296,-0.738,0.58,3,1.7302,0.3739,1,44,0.2045,1,3,3,0.6543,-0.6502,7.9545,41.6576790743653
"309","309",0,0,0,0,566,0,1,0.4615,1,0.297,-0.5455,0.5929,0.4659,1.4806,-0.782,0.58,4,0.5881,0.4495,0.9205,88,0.4432,1,2,6,-0.3334,0.8718,6.4318,49.0213620091605
"310","310",0,1,0,0,1272,0,1,0.784,1,0.0373,0.2784,0.2905,-0.4247,-0.2296,-0.782,0.58,0,0.9328,1.4002,0.9159,113,0.2876,1,0,3,-0.2873,-2.1182,11.2566,48.6297150093503
"311","311",0,0,0,0,954,0,0,0.6378,1,-0.699,-0.3029,-1.752,-0.3483,0.9105,-0.782,0.58,3,-0.3301,-1.6823,0.9399,91.5,0.2404,0.8864,3,3,-2.3872,-1.2437,10.4262,52.8175971946109
"312","312",0,0,0,0,193,0,1,0.6486,1,-0.4356,-0.4435,-0.1754,-0.4247,-0.7997,-0.5533,0.58,5,0.9854,-0.8076,0.6727,27.5,0.4545,0.76,0,4,0.5094,0.6925,7.0182,52.9279313895574
"313","313",0,0,NA,NA,NA,NA,1,NA,NA,NA,NA,NA,NA,-0.7997,-0.3422,NA,NA,NA,NA,NA,NA,NA,NA,NA,NA,NA,NA,NA,45.6394110035089
"314","314",0,0,1,0,485,0,1,0.7092,1,-0.388,-0.8669,-0.1754,0.1931,0.3405,2.2968,1,2,0.5881,-1.6823,0.5333,75,0.1467,0.6364,0,4,1.8991,-0.1073,6.4667,48.688010286461
"315","315",0,0,0,0,818,0,0,0.3911,1,-2.2536,-1.7773,-1.6791,-2.1242,0.0554,-0.782,0.58,6,0.5881,-1.6823,1,84,0.1429,1,1,2,0.5094,-0.4789,9.7381,40.559295458646
"316","316",0,0,NA,NA,743,0,0,0.2,1,2.1073,2.9951,2.2317,1.8133,-0.2296,-0.6941,0.5,3,NA,NA,NA,NA,NA,NA,1,2,NA,NA,NA,37.4207390039389
"317","317",1,0,0,0,265,0,0,0.3,1,0.3048,0.4602,NA,0.0394,-0.2296,-0.6589,0.58,4,0.7414,-0.3545,0.5,70,0.3,1,2,5,0.6543,-1.4562,3.7857,41.6730081528145
"318","318",0,1,NA,NA,NA,NA,1,NA,NA,NA,NA,NA,NA,-0.7997,-0.3422,NA,NA,NA,NA,NA,NA,NA,NA,NA,NA,NA,NA,NA,47.774189983883
"319","319",1,0,NA,NA,NA,NA,1,NA,NA,NA,NA,NA,NA,-0.7997,-0.3422,NA,NA,NA,NA,NA,NA,NA,NA,NA,NA,NA,NA,NA,46.2438470950175
"320","320",0,0,NA,NA,NA,NA,1,NA,NA,NA,NA,NA,NA,-0.7997,-0.3422,NA,NA,NA,NA,NA,NA,NA,NA,NA,NA,NA,NA,NA,48.3930454171262
"321","321",0,0,0,0,488,0,1,0.9135,1,1.5106,1.2172,1.0434,1.8133,-0.2296,-0.782,0.5,3,1.2485,0.4652,0.9949,98.5,0.1878,1,1,6,1.5715,1.1019,4.9543,48.4491197164377
"322","322",0,0,1,0,118,0,0,1.3333,0.75,-1.3915,-0.5084,-3.9691,-1.3974,-0.6572,0.3615,1,5,-0.6703,-0.7903,0.625,20,0.2,0.5,3,5,-0.995,-1.2437,5.9,58.6849559411042
"323","323",0,0,0,0,1053,1,0,0.3509,1,-0.8067,-0.4435,-0.7967,-0.4247,1.4806,-0.6941,0.58,5,1.5141,1.4002,0.8742,75.5,0.1854,0.9286,2,5,-0.3334,0.5711,13.947,54.6297475281517
"324","324",0,1,0,0,375,0,0,0.1,0.1667,-0.2177,0.015,0.0201,0.1323,0.0554,-0.6941,0.58,6,-0.0295,0.5382,0.9024,41,0.1585,1,3,2,-0.3334,0.6925,9.1463,58.8984222035545
"325","325",0,0,0,0,124,0,1,1.0769,1,-0.4424,-0.3971,-0.4745,-0.2002,1.4806,-0.6061,0.67,6,0.068,0.7237,0.7568,18.5,0.1351,0.6,1,2,1.148,1.0383,6.7027,42.4815703120496
"326","326",1,0,0,0,1280,0,0,0.28,1,-0.303,-0.8669,-0.1449,0.3642,0.0554,-0.6941,0.58,6,0.2467,0.7106,1,85,0.3176,1,1,4,0.5094,1.347,15.0588,50.8180181336368
"327","327",0,1,0,0,465,0,0,0.2119,1,2.3666,2.9951,1.142,0.7618,0.0554,-0.782,0.67,4,-0.5885,0.337,0.9691,48.5,0.1959,1,2,4,-0.6684,0.7042,9.5876,50.8651066550319
"328","328",0,0,0,0,52,0,1,1.1765,1,-0.752,-0.3971,-0.8852,-0.2002,0.3405,-0.5533,0.67,1,0.3922,0.9946,0.7368,9.5,0.4737,0.8889,0,4,0.3058,0.6298,5.4737,45.8364680948782
"329","329",1,0,0,0,498,0,1,0.1565,1,0.3735,0.4728,0.7047,0.1323,0.9105,-0.6941,0.58,3,1.5115,2.266,0.8172,46.5,0.1398,0.9231,0,6,0.0069,0.5529,10.7097,43.1360905672466
"330","330",0,1,NA,NA,NA,NA,0,NA,NA,NA,NA,NA,NA,-0.7997,-0.3422,NA,NA,NA,NA,NA,NA,NA,NA,NA,NA,NA,NA,NA,42.0783719607839
"331","331",1,0,0,0,1226,0,0,0.4659,1,0.2602,-1.0028,0.7777,1.8133,0.0554,-0.782,0.58,4,-0.3301,0.2218,1,76,0.3026,1,1,5,-0.3334,1.1432,16.1316,52.7216756132025
"332","332",0,0,NA,NA,NA,NA,1,NA,NA,NA,NA,NA,NA,-0.7997,-0.3422,NA,NA,NA,NA,NA,NA,NA,NA,NA,NA,NA,NA,NA,49.7679976778096
"333","333",0,0,NA,NA,NA,NA,1,NA,NA,NA,NA,NA,NA,-0.7997,-0.3422,NA,NA,NA,NA,NA,NA,NA,NA,NA,NA,NA,NA,NA,49.6472130421606
"334","334",0,0,0,0,1658,1,0,0.4504,1,-1.3752,-1.4467,-1.752,-1.1433,-0.6097,-0.6941,0.67,4,1.5141,-0.9308,0.9701,100.5,0.2836,0.9123,3,7,0.4447,-0.1073,16.4975,52.5643596880448
"335","335",0,0,0,0,530,0,1,NA,NA,0.4898,0.4393,0.3473,0.7176,1.4806,-0.6941,0.58,6,0.0805,-0.8076,1,69,0.2899,1,1,4,0.6543,-1.1699,7.6812,38.3460540441976
"336","336",0,0,0,0,101,0,1,0.9412,1,1.2471,1.5226,1.5685,0.6406,1.4806,-0.6941,0.58,6,-0.654,-0.3772,0.375,12,0.375,0.5556,0,4,-0.273,1.1415,8.4167,43.4738112209699
"337","337",0,1,0,0,1180,0,1,0.2459,1,-1.3936,-1.4467,-0.7967,-1.8408,-0.4196,-0.6941,0.58,4,0.3271,0.7237,0.915,100,0.25,1,1,6,0.3058,1.2432,11.8,50.2561270136983
"338","338",0,1,0,0,1319,0,0,0.2622,1,0.9487,-0.0676,1.0434,0.1882,-0.7997,-0.7946,0.33,2,-0.2345,-0.1143,0.942,69,0.2319,0.9375,2,5,-0.6684,0.4927,19.1159,51.4174181390286
"339","339",0,0,0,0,505,1,0,0.3804,1,-0.9395,-0.3971,-0.5081,-1.2228,-0.6097,-0.782,0.5,4,0.9328,1.4002,0.8947,38,0.1974,0.9333,0,5,-0.6684,-0.0385,13.2895,54.1113478222002
"340","340",0,0,0,0,24,0,1,NA,NA,-1.0636,-0.3655,-1.6791,-0.9907,1.4806,-0.5533,0.67,5,-0.147,0.337,0.4737,9.5,0.3684,0.5714,0,6,0.4447,0.1033,2.5263,44.5961581468884
"341","341",1,0,NA,NA,113,0,0,1,1,0.3405,0.0407,0.3405,0.4295,1.4806,0.1856,0.58,6,-1.2541,-1.6823,1,9,0.2222,1,1,6,-0.995,-1.4562,12.5556,41.4063091980169
"342","342",0,0,0,0,542,1,0,0.3438,1,1.1689,0.7151,0.7844,1.8133,0.0554,-0.6941,0.58,6,3.6096,0.4699,0.8571,56,0.0982,1,3,3,2.361,2.0307,9.6786,46.5698019082672
"343","343",0,0,NA,NA,NA,NA,0,NA,NA,NA,NA,NA,NA,-0.7997,-0.3422,NA,NA,NA,NA,NA,NA,NA,NA,NA,NA,NA,NA,NA,46.5707402515784
"344","344",0,0,0,0,375,0,1,0.3704,1,-0.0585,-0.3971,0.0833,0.6203,0.0554,-0.6061,0.67,5,0.5881,0.2838,0.4041,96.5,0.0933,0.8333,3,3,1.7839,0.9807,3.886,40.6375833336216
"345","345",0,1,NA,NA,NA,NA,0,NA,NA,NA,NA,NA,NA,-0.7997,-0.3422,NA,NA,NA,NA,NA,NA,NA,NA,NA,NA,NA,NA,NA,53.0338565372486
"346","346",0,0,0,0,1543,0,1,0.2436,1,0.049,-0.3971,0.2905,1.8133,0.0554,-0.6941,0.67,5,-0.1671,0.5382,0.8,172.5,0.371,0.8359,2,6,-0.1953,0.8718,8.9449,56.6219520783631
"347","347",0,0,0,0,1116,0,0,0.1542,1,-0.5196,7e-04,-0.1754,-0.4247,-0.2296,-0.782,0.5,4,-0.1328,-0.8076,0.9286,91,0.1264,0.9565,2,2,0.6826,-0.1073,12.2637,47.8553330433993
"348","348",0,0,0,0,161,0,0,0.5952,1,-0.9198,-0.8669,-0.2147,-1.4795,0.0554,-0.5533,0.67,5,-0.1328,-0.8076,0.5952,42,0.1905,0.625,3,6,-0.3334,-0.1073,3.8333,47.1839081686025
"349","349",0,0,0,0,474,0,1,0.1593,1,0.0265,0.6096,0.0833,-0.2002,-1.0847,-0.4741,0.67,0,3.6096,0.0242,0.9197,68.5,0.146,1,1,3,0.0185,0.9918,6.9197,48.0499278676486
"350","350",0,0,0,0,889,0,1,0.2008,1,0.2229,7e-04,-0.1449,0.6203,-0.4196,-0.6941,0.58,5,1.7302,1.7222,0.8299,120.5,0.1535,0.9459,0,1,1.8991,1.4991,7.3776,45.2966661721169
"351","351",0,1,0,0,949,0,1,0.8125,1,-0.0466,0.3768,-0.1754,0.2668,-0.2296,-0.6589,0.58,3,-1.2541,0.0814,0.6425,96.5,0.1451,0.9643,2,7,-0.1208,0.6298,9.8342,38.7523895802372
"352","352",0,0,0,0,308,0,0,0.9861,1,-0.9419,-0.5455,-0.7967,-0.9907,-0.2296,-0.6941,0.5,2,0.5881,0.2838,0.8824,42.5,0.1647,1,1,6,-0.3334,0.6298,7.2471,40.0970931869197
"353","353",0,1,0,0,424,0,0,0.3704,1,1.3515,0.4933,1.5685,1.8133,-0.2296,-0.782,0.5,3,0.183,2.1765,0.85,20,0.125,1,2,2,-1.2753,0.1652,21.2,42.9046159602099
"354","354",0,0,NA,NA,NA,NA,0,NA,NA,NA,NA,NA,NA,-0.7997,-0.3422,NA,NA,NA,NA,NA,NA,NA,NA,NA,NA,NA,NA,NA,54.9373785074864
"355","355",0,1,NA,NA,NA,NA,1,NA,NA,NA,NA,NA,NA,-0.7997,-0.3422,NA,NA,NA,NA,NA,NA,NA,NA,NA,NA,NA,NA,NA,45.0941942299785
"356","356",0,0,0,0,1083,1,0,0.0995,1,0.543,1.0096,0.6981,0.0394,1.4806,-0.6941,0.58,4,-0.9866,0.1592,1,73.5,0.3197,1,1,6,0.0185,1.5443,14.7347,58.9073604888707
"357","357",0,0,0,0,663,0,0,0.7619,1,0.0708,0.1852,0.0833,-0.184,-0.2296,-0.782,0.58,4,1.613,2.1765,1,49.5,0.4444,1,0,5,-0.995,0.9233,13.3939,52.1910307955662
"358","358",0,0,0,0,1039,0,1,0.3162,1,-0.1793,-0.5455,-0.1754,0.6406,0.9105,-0.782,0.67,3,-0.1328,0.5301,0.8274,98.5,0.5787,0.693,0,6,0.2964,1.1957,10.5482,56.2214591140168
"359","359",0,0,NA,NA,NA,NA,1,NA,NA,NA,NA,NA,NA,-0.7997,-0.3422,NA,NA,NA,NA,NA,NA,NA,NA,NA,NA,NA,NA,NA,44.9994196664257
"360","360",0,0,NA,NA,NA,NA,1,NA,NA,NA,NA,NA,NA,-0.7997,-0.3422,NA,NA,NA,NA,NA,NA,NA,NA,NA,NA,NA,NA,NA,55.1560156762564
"361","361",0,0,0,0,377,0,1,0.6506,1,0.2363,7e-04,0.0833,-0.1082,0.0554,-0.6941,0.67,4,0.9328,0.6716,0.8734,39.5,0.0633,1,2,7,0.8947,0.2229,9.5443,48.6371748513965
"362","362",0,1,0,0,939,0,1,0.7416,0.4167,-0.3888,-0.3971,-0.5526,-0.4247,-0.6097,-0.6061,0.75,4,0.2208,1.4737,0.7657,87.5,0.1257,1,1,6,0.6543,1.1957,10.7314,49.4819021819587
"363","363",0,0,0,0,413,1,0,0.1282,1,0.5425,-1.4467,0.5388,1.8133,1.4806,-0.6589,0.67,5,-0.1328,1.2433,0.9767,43,0.2326,1,2,5,1.1586,0.558,9.6047,41.1575008824642
"364","364",1,0,NA,NA,NA,NA,0,NA,NA,NA,NA,NA,NA,-0.7997,-0.3422,NA,NA,NA,NA,NA,NA,NA,NA,NA,NA,NA,NA,NA,40.0805797714218
"365","365",0,0,0,0,684,0,1,0.85,0.9265,-0.2346,-0.1461,-0.1449,-0.2002,-0.6572,-0.5181,0.5,5,0.736,0.9008,1,83,0.0663,1,1,3,-0.3334,1.0383,8.241,46.9591383684644
"366","366",0,0,0,0,40,0,1,NA,NA,-1.2049,-0.8669,-1.6791,-0.4247,1.4806,-0.5533,0.67,6,-0.654,0.337,0.7308,13,0.5769,0.6667,0,6,0.4447,-0.1616,3.0769,51.237872201089
"367","367",0,0,0,0,600,0,0,1.4118,1,1.3128,1.0904,1.2131,1.8133,1.4806,-0.782,0.58,5,-1.2541,0.8387,0.625,120,0.2083,0.7,2,5,1.3542,1.589,5,51.1144585181934
"368","368",0,0,NA,NA,NA,NA,0,NA,NA,NA,NA,NA,NA,-0.7997,-0.3422,NA,NA,NA,NA,NA,NA,NA,NA,NA,NA,NA,NA,NA,61.697220185545
"369","369",0,1,0,0,1412,0,0,0.1852,1,-0.2184,0.1512,-0.5081,-0.2002,0.9105,-0.7644,0.67,3,-1.2541,-0.9308,0.86,100,0.295,0.8136,1,7,-0.7223,-0.2386,14.12,56.0239017425164
"370","370",0,0,0,0,969,0,0,0.1322,1,0.6583,1.9497,1.2219,-0.2599,-0.4196,-0.7192,0.58,5,-0.1328,1.9847,1,92,0.2717,1,2,6,0.4069,0.0922,10.5326,48.2183354441471
"371","371",0,0,0,0,399,0,0,0.5,1,-0.044,-0.0627,0.0758,0.3471,1.4806,-0.7192,0.58,4,1.9053,0.3739,1,43.5,0.1379,1,1,4,0.2749,-0.1841,9.1724,38.7995079810554
"372","372",0,0,0,0,785,1,0,0.1042,1,-1.7466,-1.4467,-1.6791,-2.0243,1.4806,-0.6941,0.58,5,-0.7421,-0.3545,1,41.5,0.2651,1,2,7,-0.995,0.5058,18.9157,50.0196754113171
"373","373",0,0,NA,NA,NA,NA,1,NA,NA,NA,NA,NA,NA,-0.7997,-0.3422,NA,NA,NA,NA,NA,NA,NA,NA,NA,NA,NA,NA,NA,47.863037821927
"374","374",0,0,0,0,240,0,0,1.7021,1,1.0034,0.7931,0.7777,1.8133,-0.7997,-0.6589,0.42,4,-1.2541,-1.3674,0.8519,54,0.4074,0,2,6,1.139,2.0826,4.4444,56.3081495871363
"375","375",0,0,0,0,843,0,1,0.2717,1,NA,NA,NA,NA,-0.7997,-0.3422,0,0,NA,NA,0.8046,87,0.092,1,NA,NA,NA,NA,9.6897,54.0818909308072
"376","376",0,0,NA,NA,79,0,0,4.6154,1,0.483,-0.1461,0.2836,1.8133,0.9105,-0.3422,0.5,2,-1.2541,-1.6823,0.6842,9.5,0.2632,0.8,2,6,-0.6684,-0.5434,8.3158,58.3264077237013
"377","377",0,1,NA,NA,NA,NA,1,NA,NA,NA,NA,NA,NA,-0.7997,-0.3422,NA,NA,NA,NA,NA,NA,NA,NA,NA,NA,NA,NA,NA,44.2002940232599
"378","378",0,0,NA,NA,NA,NA,1,NA,NA,NA,NA,NA,NA,-0.7997,-0.3422,NA,NA,NA,NA,NA,NA,NA,NA,NA,NA,NA,NA,NA,43.0229353379387
"379","379",0,1,0,1,484,0,0,0.3509,1,0.6275,0.5511,0.0758,1.8133,0.0554,2.8245,1,8,-1.2541,-1.6823,0.9434,26.5,0.1698,1,3,5,-0.995,-1.0856,18.2642,51.8737146763059
"380","380",0,0,0,0,982,0,0,0.0994,1,0.0253,-1.1452,-0.4745,0.0231,-0.6097,-0.6941,0.5,6,0.4825,0.2838,0.9282,104.5,0.1148,0.8333,1,2,0.0166,0.6298,9.3971,44.5262814292879
"381","381",1,0,NA,NA,NA,NA,1,NA,NA,NA,NA,NA,NA,-0.7997,-0.3422,NA,NA,NA,NA,NA,NA,NA,NA,NA,NA,NA,NA,NA,40.5537258919136
"382","382",0,0,0,0,457,0,0,0.3788,1,0.8898,1.5763,-0.2952,1.8133,0.3405,-0.7644,0.58,2,0.9328,-0.044,0.9712,52,0.1923,1,2,5,-0.6684,-2.1182,8.7885,48.1780157651734
"383","383",0,0,NA,NA,NA,NA,1,NA,NA,NA,NA,NA,NA,-0.7997,-0.3422,NA,NA,NA,NA,NA,NA,NA,NA,NA,NA,NA,NA,NA,56.4324264415487
"384","384",0,0,0,0,1103,0,0,0.1288,1,0.2509,-0.1461,0.5323,-0.2927,-0.2296,-0.782,0.5,4,-1.2541,0.7186,1,76,0.4408,1,1,7,-2.3872,-0.6642,14.5132,56.8085672470823
"385","385",0,0,0,0,233,0,0,0.0405,1,-0.4289,-0.4605,-0.4652,-0.4247,1.4806,-0.6061,0.67,5,0.3271,0.9639,1,22.5,0.1556,1,2,4,-0.3334,1.3234,10.3556,42.0215639432286
"386","386",0,0,0,0,1070,0,0,0.1919,1,0.0403,0.4393,0.4846,-0.4247,1.4806,-0.5181,0.83,5,0.2467,0.7848,0.7905,126.5,0.1621,0.8293,3,3,0.8947,0.9233,8.4585,55.4660022136391
"387","387",0,0,NA,NA,NA,NA,1,NA,NA,NA,NA,NA,NA,-0.7997,-0.3422,NA,NA,NA,NA,NA,NA,NA,NA,NA,NA,NA,NA,NA,47.9168028202885
"388","388",1,0,0,0,1407,0,1,0.1796,1,0.1609,-0.1461,0.0833,0.4475,1.4806,-0.782,0.5,4,0.3922,0.7397,0.7632,133,0.1429,1,1,4,-0.7223,0.6298,10.5789,46.7029146906187
"389","389",0,0,1,0,94,0,1,1.5294,1,-0.4476,-0.1162,-1.1093,-0.8791,0.0554,0.7134,0.92,5,-1.2541,-1.6823,0.56,12.5,0.08,1,0,7,1.5715,-0.8106,7.52,44.8992286704069
"390","390",0,0,1,0,395,0,0,0.7692,1,0.1315,0.1512,-0.2147,0.9596,-0.4196,0.1856,0.58,5,-1.2541,0.7317,0.5905,52.5,0.4095,0.3488,0,5,0.4447,-0.8695,7.5238,54.8606947784661
"391","391",0,0,NA,NA,NA,NA,1,NA,NA,NA,NA,NA,NA,-0.7997,-0.3422,NA,NA,NA,NA,NA,NA,NA,NA,NA,NA,NA,NA,NA,38.5561817475108
"392","392",0,0,0,0,113,0,1,0.8421,1,-0.7071,-0.4435,-0.2864,-0.7451,-0.2296,-0.6589,0.67,3,3.6096,0.5301,0.6545,27.5,0.5455,0.5333,0,3,0.4447,0.8718,4.1091,54.7352912908265
"393","393",0,0,NA,NA,NA,NA,0,NA,NA,NA,NA,NA,NA,-0.7997,-0.3422,NA,NA,NA,NA,NA,NA,NA,NA,NA,NA,NA,NA,NA,58.3112270423275
"394","394",0,0,NA,NA,NA,NA,1,NA,NA,NA,NA,NA,NA,-0.7997,-0.3422,NA,NA,NA,NA,NA,NA,NA,NA,NA,NA,NA,NA,NA,38.3003483454042
"395","395",0,1,0,0,380,0,0,0.1119,1,NA,NA,NA,NA,-0.7997,-0.3422,0,0,NA,NA,0.9121,45.5,0.1758,0.9375,NA,NA,NA,NA,8.3516,46.5466917198421
"396","396",0,1,NA,NA,NA,NA,1,NA,NA,NA,NA,NA,NA,-0.7997,-0.3422,NA,NA,NA,NA,NA,NA,NA,NA,NA,NA,NA,NA,NA,48.0885390716734
"397","397",0,0,0,0,1108,0,1,0.458,0.3333,-0.4579,-0.8669,-0.1449,-0.4247,1.4806,-0.6941,0.58,5,1.7302,-1.6823,0.9103,156,0.1955,1,2,0,0.8947,0.9233,7.1026,41.8720131437663
"398","398",0,0,NA,NA,NA,NA,1,NA,NA,NA,NA,NA,NA,-0.7997,-0.3422,NA,NA,NA,NA,NA,NA,NA,NA,NA,NA,NA,NA,NA,48.4243053966396
"399","399",1,0,0,0,1310,0,1,0.1907,1,-0.1412,-0.3971,0.0557,0.9596,1.4806,-0.782,0.58,4,-0.1328,0.4652,0.6951,164,0.0244,1,1,2,0.4463,1.2432,7.9878,41.9315422912124
"400","400",0,0,0,0,92,1,0,0.3261,1,-0.8962,-0.8669,-1.223,0.0558,1.4806,-0.782,0.58,5,-0.6423,-0.044,1,33,0.2273,1,1,6,0.8947,1.3253,2.7879,55.9619101438031
"401","401",0,0,NA,NA,NA,NA,0,NA,NA,NA,NA,NA,NA,-0.7997,-0.3422,NA,NA,NA,NA,NA,NA,NA,NA,NA,NA,NA,NA,NA,50.3862977779122
"402","402",1,0,0,0,1734,0,1,0.1596,1,-0.2969,-0.1461,-0.5081,0.7176,0.0554,-0.6589,0.67,4,-0.1328,0.345,0.8478,167.5,0.1343,1,0,6,0.8947,-0.9281,10.3522,45.3725252766017
"403","403",1,0,NA,NA,NA,NA,0,NA,NA,NA,NA,NA,NA,-0.7997,-0.3422,NA,NA,NA,NA,NA,NA,NA,NA,NA,NA,NA,NA,NA,41.7664517240909
"404","404",0,1,1,0,321,1,1,1.8642,1,0.5602,-0.8893,0.809,0.7618,1.4806,0.0097,0.83,4,0.068,-1.6823,0.1351,18.5,0.5676,0.0952,1,7,-0.72,0.5711,17.3514,41.910217771121
"405","405",0,0,0,0,279,0,1,2.3469,1,-1.0295,-0.5994,-1.223,-2.1242,0.0554,-0.5181,0.83,5,-0.3301,0.6507,0.3766,38.5,0.1948,0.5333,1,7,0.2652,1.1957,7.2468,55.8965930389361
"406","406",0,1,0,0,1140,0,0,0.3937,1,-0.3987,0.4393,0.0557,-0.6676,-0.2296,-0.6941,0.58,3,1.1587,0.345,0.8739,115,0.0913,0.9048,2,6,-0.3334,0.2229,9.913,56.7236312281269
"407","407",0,0,NA,NA,NA,NA,1,NA,NA,NA,NA,NA,NA,-0.7997,-0.3422,NA,NA,NA,NA,NA,NA,NA,NA,NA,NA,NA,NA,NA,51.5040297538328
"408","408",0,0,0,0,114,0,1,1,1,-1.0767,-1.4467,-0.7967,-0.6676,0.9105,-0.782,0.58,3,-0.1328,0.2838,0.9322,59,0.1949,1,0,6,0.0185,1.2496,1.9322,48.0867504408801
"409","409",0,0,NA,NA,NA,NA,0,NA,NA,NA,NA,NA,NA,-0.7997,-0.3422,NA,NA,NA,NA,NA,NA,NA,NA,NA,NA,NA,NA,NA,56.7632328562998
"410","410",0,0,0,0,805,0,1,1.0121,1,-0.5764,-0.1461,-0.7967,-0.6512,-0.7997,-0.7946,0.5,4,-1.2541,-0.9308,0.7062,88.5,0,0,0,3,0.4463,-0.2386,9.096,49.53392868933
"411","411",0,0,0,0,916,0,1,0.398,1,0.7778,-0.8251,0.5864,1.8133,-0.4196,0.0097,0.83,8,0.9559,1.3659,0.9784,115.5,0.7229,0.9701,2,5,0.6826,2.4059,7.9307,50.211147937247
"412","412",0,0,0,0,1027,0,0,0.2463,1,0.7674,0.828,0.2836,1.8133,1.4806,-0.6941,0.58,4,-0.3301,0.8387,0.8092,76,0.2303,0.9714,1,6,-2.3872,0.6298,13.5132,51.6676858953281
"413","413",1,0,0,0,1096,0,0,0.2647,1,0.1486,0.4728,0.7223,-0.4247,1.4806,-0.6941,0.58,5,0.4084,1.7116,0.5024,102.5,0.239,0.6327,2,6,0.4447,1.891,10.6927,54.372251527465
"414","414",0,0,NA,NA,NA,NA,0,NA,NA,NA,NA,NA,NA,-0.7997,-0.3422,NA,NA,NA,NA,NA,NA,NA,NA,NA,NA,NA,NA,NA,38.6980915006719
"415","415",1,0,0,0,172,0,1,0.4651,1,-0.4905,-0.1864,-0.5081,-0.4247,0.9105,-0.782,0.58,2,1.9124,0.7237,0.8152,92,0.1848,1,0,6,2.0849,1.8849,1.8696,47.4151855930361
"416","416",0,0,NA,NA,NA,NA,1,NA,NA,NA,NA,NA,NA,-0.7997,-0.3422,NA,NA,NA,NA,NA,NA,NA,NA,NA,NA,NA,NA,NA,50.9589370977746
"417","417",0,0,0,0,413,0,0,0.9775,1,-0.8073,-1.1452,-0.4317,-2.1242,0.0554,-0.4477,0.83,5,-0.3301,0.9091,0.7848,39.5,0.2658,0.9048,1,7,0.0185,1.2394,10.4557,55.7783339448897
"418","418",0,0,1,0,945,0,1,0.5248,1,-1.4105,-0.8669,-1.2693,-1.2401,1.4806,1.2412,1,5,-0.1328,-0.3657,0.4769,32.5,0.5231,0.2647,1,6,-0.1953,0.4927,29.0769,46.7782006599762
"419","419",0,0,NA,NA,NA,NA,1,NA,NA,NA,NA,NA,NA,-0.7997,-0.3422,NA,NA,NA,NA,NA,NA,NA,NA,NA,NA,NA,NA,NA,44.4425164565174
"420","420",0,0,0,0,693,0,1,0.3704,1,0.2842,0.4393,0.5388,-0.1082,1.4806,-0.782,0.58,4,0.3248,-1.6823,0.6879,78.5,0.0318,1,1,4,0.0166,-0.9281,8.828,42.0099987361009
"421","421",0,0,NA,NA,NA,NA,1,NA,NA,NA,NA,NA,NA,-0.7997,-0.3422,NA,NA,NA,NA,NA,NA,NA,NA,NA,NA,NA,NA,NA,52.1250002480732
"422","422",0,0,0,0,727,0,1,0.1634,0,1.6847,0.7631,2.2317,0.7176,1.4806,-0.5181,0.75,4,0.9328,-0.1049,0.8685,106.5,0.1033,1,0,1,0.0185,0.8718,6.8263,39.2812243148272
"423","423",0,0,0,0,782,0,1,0.9036,1,-0.5903,-0.3971,-0.1449,-0.1082,-0.6097,-0.6941,0.42,4,-0.3301,0.0814,0.5787,89,0.3652,0.7385,1,6,-0.348,0.2229,8.7865,57.5817194335656
"424","424",0,1,0,0,287,0,1,2.0333,1,0.4838,0.2784,-0.0446,0.1158,-0.6097,-0.7946,0.42,1,-0.3425,1.4805,0.0426,23.5,0.234,0.1818,2,2,0.8947,1.8402,12.2128,43.17760475998
"425","425",1,0,0,0,796,0,1,0.7874,1,-1.3521,-1.1452,-0.8459,-0.4247,-0.2296,-0.782,0.5,4,1.5141,0.0242,0.8958,96,0.0417,1,NA,5,0.829,-0.8644,8.2917,37.6702348494075
"426","426",0,0,NA,NA,NA,NA,1,NA,NA,NA,NA,NA,NA,-0.7997,-0.3422,NA,NA,NA,NA,NA,NA,NA,NA,NA,NA,NA,NA,NA,48.673286162173
"427","427",0,0,0,0,NA,0,1,NA,NA,0.2784,-0.632,0.5388,0.3471,-0.6097,-0.6061,0.58,4,-1.2541,1.2433,NA,NA,NA,NA,2,7,0.8947,-0.0467,NA,53.1527122415478
"428","428",0,0,NA,NA,NA,NA,0,NA,NA,NA,NA,NA,NA,-0.7997,-0.3422,NA,NA,NA,NA,NA,NA,NA,NA,NA,NA,NA,NA,NA,30.1247540319154
"429","429",1,0,0,0,1045,0,0,0.3169,0.8052,0.5126,0.1512,0.8623,0.7618,0.0554,-0.6941,0.58,5,NA,NA,1,88,0.2557,1,1,7,-0.348,-0.6066,11.875,46.9233444939965
"430","430",0,0,1,0,101,0,1,1,1,0.5289,0.375,0.3157,1.1284,-0.4196,0.0537,1,5,1.0713,-0.5392,0,17,0.3529,0,2,3,0.5094,-0.7289,5.9412,43.8706533807819
"431","431",0,0,0,0,1170,0,1,0.2157,1,0.2524,-1.1189,0.7223,0.6406,-0.7997,-0.6941,0.5,3,1.7302,1.6159,0.7762,138.5,0.3502,0.8866,1,6,1.381,1.347,8.4477,49.8701510754055
"432","432",1,0,0,0,478,0,0,0.7143,1,0.0703,7e-04,-0.1449,0.7176,1.4806,-0.6941,0.58,5,0.4825,0.7317,0.9821,56,0.1518,1,2,4,-0.995,0.2229,8.5357,48.8670566703788
"433","433",1,0,0,0,968,0,0,0.823,1,0.5963,-0.2882,1.0434,0.7176,1.4806,-0.6941,0.58,4,-1.2541,-1.6823,1,72,0.3056,1,2,5,0.0185,0.6298,13.4444,53.1057640944191
"434","434",0,0,0,0,564,0,0,0.9174,0.8,0.2101,-0.1461,0.2905,0.3642,-0.2296,-0.6941,0.5,4,-0.849,0.4704,NA,NA,NA,NA,2,5,NA,NA,NA,53.79121230223
"435","435",0,1,0,0,694,0,1,1.0066,1,0.3033,-0.0627,0.3473,0.6203,1.4806,-0.3422,0.75,3,-0.1328,0.2838,0.1026,58.5,0.1538,0.0556,0,5,-0.348,0.2229,11.8632,44.5129561699795
"436","436",0,1,NA,NA,NA,NA,1,NA,NA,NA,NA,NA,NA,-0.7997,-0.3422,NA,NA,NA,NA,NA,NA,NA,NA,NA,NA,NA,NA,NA,42.123560390246
"437","437",0,0,0,0,844,0,0,1.0376,1,0.3087,0.4393,0.7844,0.0394,-0.2296,-0.782,0.5,3,1.4288,0.9091,1,59,0.0678,1,3,1,-0.6814,1.1957,14.3051,53.1311853920666
"438","438",0,0,0,0,792,0,1,0.2614,1,-0.0863,-0.1461,0.0833,0.3471,1.4806,-0.5533,0.67,5,-0.0265,0.7237,0.9515,51.5,0.068,1,3,5,0.4447,1.589,15.3786,50.122620077365
"439","439",0,0,NA,NA,NA,NA,1,NA,NA,NA,NA,NA,NA,-0.7997,-0.3422,NA,NA,NA,NA,NA,NA,NA,NA,NA,NA,NA,NA,NA,47.5492780368755
"440","440",0,0,NA,NA,NA,NA,1,NA,NA,NA,NA,NA,NA,-0.7997,-0.3422,NA,NA,NA,NA,NA,NA,NA,NA,NA,NA,NA,NA,NA,41.5471544297265
"441","441",1,0,0,1,NA,0,0,NA,0.5,1.0815,1.5115,0.9882,0.1158,1.4806,2.2968,1,3,-0.849,-0.9308,0.7273,55,0.0636,0.5714,0,6,-0.6684,-2.1182,NA,43.8877156526029
"442","442",0,0,NA,NA,NA,NA,1,NA,NA,NA,NA,NA,NA,-0.7997,-0.3422,NA,NA,NA,NA,NA,NA,NA,NA,NA,NA,NA,NA,NA,47.6900355060552
"443","443",0,0,0,0,922,0,1,0.5,1,0.2017,0.7151,0.0557,0.2839,0.9105,-0.782,0.58,3,-0.3301,-0.4427,1,120,0.0667,1,0,6,0.0185,-0.4866,7.6833,42.5912716665115
"444","444",1,0,0,0,609,0,0,0.5172,1,0.1245,-1.4467,0.7777,0.5291,1.4806,-0.7644,0.67,4,-0.1328,0.2838,1,63,0.1587,1,3,7,-0.3334,0.617,9.6667,48.4686051062149
"445","445",1,0,0,0,1016,1,0,0.1036,1,1.1043,0.4393,1.289,0.7395,-0.6097,-0.738,0.5,4,-0.4013,0.0814,1,105.5,0.0948,1,0,7,-0.995,1.1432,9.6303,50.9375184116989
"446","446",0,0,0,0,698,0,0,0.3731,1,-0.7663,-0.1461,-0.8852,-0.4247,-0.6572,-0.7192,0.58,4,0.2467,0.2921,1,55,0.1909,1,1,6,-0.995,-0.6066,12.6909,54.7296710187551
"447","447",1,0,0,0,1187,0,1,0.2237,1,-0.5213,-0.8669,-0.4745,-0.1245,1.4806,-0.6941,0.58,5,1.177,-0.2819,0.7828,145,0.0966,1,0,1,0.6826,-0.9281,8.1862,41.8745521013035
"448","448",1,0,0,0,925,0,1,0.4124,1,2.381,1.7023,1.5685,1.8133,1.4806,-0.6589,0.58,4,0.9328,-0.2041,1,92,0.0652,0.8333,2,7,1.4794,0.1547,10.0543,45.6687933809625
"449","449",0,0,0,0,370,0,1,1.3253,1,-0.5192,-0.3971,0.3225,-0.8959,-0.7997,-0.7192,0.5,3,-1.2541,0.4704,0.6591,44,0.2273,0.55,2,7,0.8947,1.7822,8.4091,49.1610116046754
"450","450",0,0,NA,NA,NA,NA,0,NA,NA,NA,NA,NA,NA,-0.7997,-0.3422,NA,NA,NA,NA,NA,NA,NA,NA,NA,NA,NA,NA,NA,57.9571143584895
"451","451",1,0,0,0,741,0,1,0.4425,1,NA,NA,NA,NA,-0.7997,-0.3422,0,0,NA,NA,0.8291,117,0.3462,0.9753,NA,NA,NA,NA,6.3333,41.5677829554166
"452","452",0,0,NA,NA,NA,NA,1,NA,NA,NA,NA,NA,NA,-0.7997,-0.3422,NA,NA,NA,NA,NA,NA,NA,NA,NA,NA,NA,NA,NA,44.372431672814
"453","453",1,0,0,0,1070,0,1,0.8366,1,-0.8005,-0.8669,-0.5081,-0.9907,1.4806,-0.6941,0.58,6,0.3922,0.2838,0.8862,123,0.0976,1,1,3,0.8947,-0.6066,8.6992,42.9256150985512
"454","454",0,0,0,0,601,0,0,1.0789,1,-0.8707,-0.8669,-0.2147,-0.9907,1.4806,-0.782,0.58,3,0.5881,-1.6823,1,63,0.1746,1,1,6,-0.6684,-2.1182,9.5397,41.6323239293372
"455","455",0,0,0,0,963,1,0,0.401,1,1.1322,0.2784,0.9808,1.8133,0.9105,-0.782,0.58,4,1.6094,1.7222,0.9389,65.5,0.2824,0.9459,2,5,0.8947,1.347,14.7023,52.2156898159517
"456","456",0,1,0,0,793,0,0,0.6159,1,-0.2615,-0.2305,-0.1754,-0.3319,-0.2296,-0.782,0.58,3,-0.0265,0.337,0.9412,68,0.1471,1,2,4,-0.6684,0.6298,11.6618,50.5337794819916
"457","457",0,0,NA,NA,588,0,0,NA,NA,NA,NA,NA,NA,-0.7997,-0.3422,NA,NA,NA,NA,NA,NA,NA,NA,0,NA,NA,NA,NA,53.4929045714169
"458","458",0,0,NA,NA,NA,NA,0,NA,NA,NA,NA,NA,NA,-0.7997,-0.3422,NA,NA,NA,NA,NA,NA,NA,NA,NA,NA,NA,NA,NA,50.8509221792979
"459","459",0,0,NA,NA,NA,NA,0,NA,NA,NA,NA,NA,NA,-0.7997,-0.3422,NA,NA,NA,NA,NA,NA,NA,NA,NA,NA,NA,NA,NA,56.2405773288931
"460","460",0,0,0,0,1122,0,0,0.4783,1,-0.1327,7e-04,0.0201,0.1158,-0.4196,-0.782,0.58,4,-1.2541,-0.214,0.8762,101,0.3119,0.9365,2,5,0.0185,0.7561,11.1089,56.699418025987
"461","461",0,0,0,0,572,0,1,0.9259,1,1.0665,1.1362,0.7532,0.3642,-0.7997,-0.6941,0.5,5,0.0504,1.1083,0.6535,63.5,0.5197,0.5909,1,7,0.2635,0.9807,9.0079,59.7098268961419
"462","462",0,0,0,0,1505,0,0,0.2365,1,0.9131,0.4283,0.7532,0.7395,-0.4196,-0.6061,0.67,6,0.5881,1.1749,0.977,130.5,0.1686,1,2,5,0.8947,0.8718,11.5326,52.7054217210804
"463","463",1,0,NA,NA,NA,NA,1,NA,NA,NA,NA,NA,NA,-0.7997,-0.3422,NA,NA,NA,NA,NA,NA,NA,NA,NA,NA,NA,NA,NA,48.3440208220673
"464","464",0,0,0,0,659,0,0,0.3259,1,-0.3313,7e-04,-0.4317,-0.1082,0.0554,-0.6061,0.67,5,1.5141,0.7317,0.9683,63,0.2143,1,1,6,-0.5703,0.6298,10.4603,46.9316133082906
"465","465",0,0,0,0,1347,0,0,0.2028,1,0.7812,0.0788,0.7223,-0.0533,-0.7997,-0.7946,0.33,2,1.7302,-1.6823,0.9608,102,0.1618,0.9697,1,7,-0.6684,0.6298,13.2059,52.6822085990494
"466","466",0,0,0,0,319,0,1,0.8824,1,0.1316,-1.7773,0.1103,0.7395,-0.6097,-0.6061,0.58,5,-0.1328,-0.1049,0.6727,55,0.2909,1,0,7,0.4447,-0.2386,5.8,40.8874444398905
"467","467",0,0,0,1,25,0,0,0.6364,1,-0.8342,-0.6512,-0.5176,-1.3615,1.4806,0.7134,0.92,3,-1.2541,-1.6823,1,9,0.2222,1,2,2,-0.4541,-2.1182,2.7778,50.7354656081264
"468","468",0,0,0,0,NA,1,0,NA,1,0.4154,-0.4435,-0.4838,1.8133,-0.7997,-0.782,0.42,3,0.9328,-0.9308,0.9108,106.5,0.1878,0.9,2,3,0.03,-0.4789,NA,39.8532859862794
"469","469",0,0,NA,NA,NA,NA,1,NA,NA,NA,NA,NA,NA,-0.7997,-0.3422,NA,NA,NA,NA,NA,NA,NA,NA,NA,NA,NA,NA,NA,46.3626616548679
"470","470",0,1,0,0,879,0,1,0.199,1,-0.3095,-0.1461,-0.1754,0.2668,1.4806,-0.6941,0.58,3,0.068,0.2838,0.8202,89,0.0955,0.8235,1,4,-0.3334,1.2432,9.8764,54.1973365099823
"471","471",0,0,NA,NA,NA,NA,1,NA,NA,NA,NA,NA,NA,-0.7997,-0.3422,NA,NA,NA,NA,NA,NA,NA,NA,NA,NA,NA,NA,NA,58.2057275218818
"472","472",1,0,NA,NA,NA,NA,0,NA,NA,NA,NA,NA,NA,-0.7997,-0.3422,NA,NA,NA,NA,NA,NA,NA,NA,NA,NA,NA,NA,NA,54.4052234583499
"473","473",0,1,0,0,1708,0,1,0.1695,1,-0.0157,-1.4467,-1.223,0.3471,0.0554,-0.6941,0.58,3,0.5881,0.7237,0.7381,147,0.1599,0.9787,2,7,1.5715,1.1432,11.619,53.1995976339922
"474","474",0,1,NA,NA,NA,NA,1,NA,NA,NA,NA,NA,NA,-0.7997,-0.3422,NA,NA,NA,NA,NA,NA,NA,NA,NA,NA,NA,NA,NA,46.0798680982931
